id_order_header,ppkb_code,company_name,updated_at,location_from_name,location_to_name
2059032,253501003425,"TANTO INTIM LINE, PT",2025-10-30 05:09:56.538996+00:00,TERMINAL UMUM - DERMAGA CONTAINER MULTIPURPOSE,LAUT
2059029,251301018025,TANTA BAHARI PERKASA,2025-10-30 05:09:56.538996+00:00,DERMAGA PT. WILMAR NABATI,LAUT (GRESIK)
2059026,258701003503,BELAWAN JAYA LESTARI,2025-10-30 05:09:56.538996+00:00,KADE 004/ INDONESIA KENDARAAN TERMINAL (IKT),LAUT
2059025,257401002013,"MEGAN SAMUDRA JAYA, PT",2025-10-30 05:09:56.538996+00:00,REDE KUMAI,LAUT
2058995,255101003716,"RIAUANDALAS JASADERMAGA, PT",2025-10-30 05:09:56.538996+00:00,TUKS PT. RAPP SEI HIU DERMAGA SEI HIU,RAPP Penyengat Futong Dermaga II
2058991,256701002874,"PELAYARAN NASIONAL INDONESIA, PT",2025-10-30 05:09:56.538996+00:00,SAMUDERA - DERMAGA II,LAUT
2058986,255801018284,"ROSLIRANDA SEJAHTERA ABADI, PT",2025-10-30 05:09:56.538996+00:00,LABUH STS (K),LAUT
2058983,252001005791,PT. PERTAMINA TRANS KONTINENTAL,2025-10-30 05:09:56.538996+00:00,LAUT,DERMAGA PATRA NIAGA 3
2058984,252001005791,PT. PERTAMINA TRANS KONTINENTAL,2025-10-30 05:09:56.538996+00:00,LAUT,DERMAGA PATRA NIAGA 3
2058967,253101001559,PT AGUNG TAMA RAYA	,2025-10-30 05:09:56.538996+00:00,LAUT,NUSANTARA II
2058962,252101005579,"PUTRA BERLIAN PACIFIC, PT",2025-10-30 05:09:56.538996+00:00,LAUT TARAKAN,TANJUNG BATU AREA
2058961,255701022290,PT. PELAYARAN KARTIKASAMUDRA ADIJAYA,2025-10-30 05:09:56.538996+00:00,DERMAGA BORNEO INDOBARA,STS BUNATI
2058959,253501003420,SURYA BAHTERA MARITIM,2025-10-30 05:09:56.538996+00:00,TERMINAL UMUM - DERMAGA PENUMPANG,AREA LABUH KAPAL PENUMPANG
2058982,257001003725,"SALAM PACIFIC INDONESIA LINES, PT  PUSAT AMBON",2025-10-30 05:09:56.538996+00:00,Terminal Yos Sudarso - Dermaga Petikemas,Area Labuh KAPAL KARGO & PETIKEMAS
2058980,251501009635,PT. KARYA PACIFIC SHIPPING,2025-10-30 05:09:56.538996+00:00,LABUH GANDUS,PT. RMK ENERGY
2058978,250301003024,PT LAMPUNG SHIPPING AGENCY,2025-10-30 05:09:56.538996+00:00,AREA LABUH LOA lebih dari 100 meter,KADE C2
2058955,253501003393,"SAHABAT PAPUA AGENSI, PT.",2025-10-30 05:09:56.538996+00:00,TERMINAL UMUM - DERMAGA PENUMPANG,LAUT
2058956,251301018065,"MENTARI MAS MULTIMODA, PT",2025-10-30 05:09:56.538996+00:00,TELUK LAMONG - PETIKEMAS DOMESTIK,LAUT
2058954,251301018036,"ANUGERAH PRIMA SAMUDERA, PT",2025-10-30 05:09:56.538996+00:00,LAUT (GRESIK),DERMAGA PT. WILMAR NABATI
2058949,250301003031,PT. BAHARI LAJU ANUGERAH,2025-10-30 05:09:56.538996+00:00,KADE C2,LAUT (PANJANG)
2058945,251801004685,"SALAM PACIFIC INDONESIA LINES, PT",2025-10-30 05:09:56.538996+00:00,HATTA - PETIKEMAS,LAUT
2058943,254001006640,PT. ARTHA DUTA SAMUDERA,2025-10-30 05:09:56.538996+00:00,LAUT,PT. BUKIT ALAM PERSADA DERMAGA 1
2058926,255001000342,RAHMAD SAMUDRA LINE,2025-10-30 05:09:56.538996+00:00,PELINDO - BREASTING DOLPHIN/ CURAH KERING,LAUT
2058894,255901009302,TRIELANG INDO MARITIM,2025-10-30 05:09:56.538996+00:00,LAUT,Area Ship To Ship Umum
2058891,256701002879,PT SEROJA JAYA AGENSI,2025-10-30 05:09:56.538996+00:00,DERMAGA PT. MULTI NABATI SULAWESI,LAUT
2058939,254001006627,PT. RESTU KHAIRI PRATAMA,2025-10-30 05:09:56.538996+00:00,LAUT,PT. WIRA PENTA KENCANA DERMAGA 1
2058916,254001006628,PT. RESTU KHAIRI PRATAMA,2025-10-30 05:09:56.538996+00:00,LAUT,PT. WIRA PENTA KENCANA DERMAGA 1
2058915,251501010048,PT. KARYA PACIFIC SHIPPING,2025-10-30 05:09:56.538996+00:00,AREA LABUH ZONA - F,AREA LABUH ZONA 1
2058911,253701006170,BINTAN MEGAH ABADI,2025-10-30 05:09:56.538996+00:00,AREA LABUH PERAIRAN TANJUNG TILLI,DERMAGA UMUM SRI BAYINTAN KIJANG
2058903,253501003433,"PERTAMINA TRANS KONTINENTAL, PT  JAKARTA",2025-10-30 05:09:56.538996+00:00,LAUT,DERMAGA PERTAMINA
2058899,255901009300,PELAYARAN SENTOSA MAKMUR,2025-10-30 05:09:56.538996+00:00,LAUT,JETTY PT. Berau Coal (site Suaran) I
2058898,251501009229,PT. TRIELANG INDO MARITIM,2025-10-30 05:09:56.538996+00:00,AREA LABUH ZONA 1,AREA LABUH ZONA - B
2058877,253501003386,"PELAYARAN NASIONAL INDONESIA, PT KANTOR PUSAT",2025-10-30 05:09:56.538996+00:00,AREA LABUH KAPAL PENUMPANG,TERMINAL UMUM - DERMAGA PENUMPANG
2058874,251301018073,"SAMUDERA AGENCIES INDONESIA, PT",2025-10-30 05:09:56.538996+00:00,LAUT,ZONA LABUH 2 (SURABAYA)
2058873,255201009395,PT. WIJAYA ARMADA SENTOSA,2025-10-30 05:09:56.538996+00:00,TUKS PT. INDAH KIAT PULP & PAPER 1,LAUT
2058868,255201009429,"SEGARA MITRA ABADI, PT",2025-10-30 05:09:56.538996+00:00,TUKS PT. INDAH KIAT PULP & PAPER 1,LAUT
2058863,255201009398,"SEGARA MITRA ABADI, PT",2025-10-30 05:09:56.538996+00:00,TUKS PT. INDAH KIAT PULP & PAPER 1,LAUT
2058862,255201009348,PT ARMADA MARITIM NUSANTARA,2025-10-30 05:09:56.538996+00:00,TUKS PT. RIAU ANDALAN PULP & PAPER 2,LAUT
2058860,255201008628,PT ARMADA MARITIM NUSANTARA,2025-10-30 05:09:56.538996+00:00,TUKS PT. RIAU ANDALAN PULP & PAPER 2,LAUT
2058881,250501006190,PT. RANSA AGENCIES KALBARINDO,2025-10-30 05:09:56.538996+00:00,Dermaga 02 Multipurpose - Terminal Kijing,LAUT
2058880,258401003127,PT. GANDA PERKASA SAMUDERA,2025-10-30 05:09:56.538996+00:00,LAUT TEMBILAHAN,TUKS - PT. SUMATERA RIANG LESTARI MARGINAL
2058856,251901044084,"GEMA SOERYA SAMODRA, PT",2025-10-30 05:09:56.538996+00:00,LAUT,AREA LABUH ZONA 5
2058879,251901044084,"GEMA SOERYA SAMODRA, PT",2025-10-30 05:09:56.538996+00:00,LAUT,AREA LABUH ZONA 5
2058878,251901044084,"GEMA SOERYA SAMODRA, PT",2025-10-30 05:09:56.538996+00:00,LAUT,AREA LABUH ZONA 5
2058857,251901044084,"GEMA SOERYA SAMODRA, PT",2025-10-30 05:09:56.538996+00:00,LAUT,AREA LABUH ZONA 5
2058854,258301004856,PT DHARMA LAUTAN UTAMA,2025-10-30 05:09:56.538996+00:00,LAUT,REDE UMUM
2058853,257601018326,"TARUNACIPTA KENCANA, PT",2025-10-30 05:09:56.538996+00:00,AREA LABUH PERAIRAN PASIR MAYANG,TERSUS PT KIDECO JAYA AGUNG DERMAGA II BATUBARA
2058848,252301001393,"PELAYARAN NASIONAL INDONESIA (PERSERO), PT",2025-10-30 05:09:56.538996+00:00,REDE UMUM,DERMAGA UMUM
2058847,251801004729,"PHINISI ARNAV BERJAYA, PT",2025-10-30 05:09:56.538996+00:00,LAUT,HASANUDDIN - MULTIPURPOSE I
2058846,255701022233,PT. PELAYARAN KARTIKASAMUDRA ADIJAYA,2025-10-30 05:09:56.538996+00:00,STS BUNATI,DERMAGA BORNEO INDOBARA
2058844,253501003352,PT BERKAT BERJAYA MULIA,2025-10-30 05:09:56.538996+00:00,AREA LABUH KAPAL PENUMPANG,TUKS PT. KLASAMAN INDAH RAYA (KLALIGI)
2058843,255101003996,"RIAUANDALAS JASADERMAGA, PT",2025-10-30 05:09:56.538996+00:00,RAPP Penyengat Futong Dermaga I,Area labuh pelabuhan tanjung buton
2058842,252501033466,"GLOBAL TRANS ENERGY INTERNASIONAL, PT",2025-10-30 05:09:56.538996+00:00,AMBANG LUAR,LAUT
2058841,255701022308,PT. PELAYARAN KARTIKASAMUDRA ADIJAYA,2025-10-30 05:09:56.538996+00:00,STS BUNATI,DERMAGA BORNEO INDOBARA
2058839,251301018163,"PERTAMINA TRANS KONTINENTAL, PT",2025-10-30 05:09:56.538996+00:00,LAUT,SEMAMPIR DERMAGA BARAT
2058817,255701022328,PT. PELAYARAN KARTIKASAMUDRA ADIJAYA,2025-10-30 05:09:56.538996+00:00,STS BUNATI,DERMAGA BORNEO INDOBARA
2058810,251301017586,"PELAYARAN SAMASAGUNG TUNGGAL PERKASA, PT",2025-10-30 05:09:56.538996+00:00,ZONA PERBAIKAN KAPAL (TANJUNG PERAK),DERMAGA BERLIAN
2058808,255701022307,PT. PELAYARAN KARTIKASAMUDRA ADIJAYA,2025-10-30 05:09:56.538996+00:00,STS BUNATI,DERMAGA BORNEO INDOBARA
2058805,252501033479,"TERA LOGISTIC INDONESIA, PT",2025-10-30 05:09:56.538996+00:00,AMBANG LUAR,LAUT
2058858,251301018204,"SAMUDERA AGENCIES INDONESIA, PT",2025-10-30 05:09:56.538996+00:00,LAUT,TPS/ICT OCEAN GOING
2058837,252101005478,"WIRA LAUT KALTARA, PT",2025-10-30 05:09:56.538996+00:00,MALUNDUNG,REDE TARAKAN
2058831,252501032977,PT Immanu Sukses Bersama,2025-10-30 05:09:56.538996+00:00,AMBANG LUAR,LAUT
2058828,254001006638,CUACA MARINA SERVICATAMA,2025-10-30 05:09:56.538996+00:00,LAUT,PT. BUKIT GRANIT MINNING MANDIRI DERMAGA 1
2058823,251901043666,"MEGA OCEAN UTAMA, PT",2025-10-30 05:09:56.538996+00:00,AREA LABUH PERAIRAN STS (SHIP TO SHIP TRANSFER) MUARA BERAU,AREA LABUH ZONA 3B
2058825,251901043666,"MEGA OCEAN UTAMA, PT",2025-10-30 05:09:56.538996+00:00,AREA LABUH PERAIRAN STS (SHIP TO SHIP TRANSFER) MUARA BERAU,AREA LABUH ZONA 3B
2058824,251901043666,"MEGA OCEAN UTAMA, PT",2025-10-30 05:09:56.538996+00:00,AREA LABUH PERAIRAN STS (SHIP TO SHIP TRANSFER) MUARA BERAU,AREA LABUH ZONA 3B
2058821,255901009182,"PELAYARAN PRIMA SAMUDERA JAYA, PT",2025-10-30 05:09:56.538996+00:00,Area Labuh Umum,Zona Tunggu Kapal Gunung Tabur
2058819,258301004701,"PELAYARAN ANDHARA ADHYA JAYA, PT",2025-10-30 05:09:56.538996+00:00,REDE UMUM,LAUT
2058802,252501033104,"TERA LOGISTIC INDONESIA, PT",2025-10-30 05:09:56.538996+00:00,AMBANG LUAR,LAUT
2058800,255901008627,CAKRAWALA ALAM SAMUDERA,2025-10-30 05:09:56.538996+00:00,JETTY PT. Marina Bara Lestari,Area Labuh Umum
2058799,252001005797,PT. ADHIGANA PARADUTA MULYA,2025-10-30 05:09:56.538996+00:00,LAUT,AREA LABUH PINDAH BUP PELINDO
2058794,255801018712,"ZAHRA BAROKAH SUKSES, PT",2025-10-30 05:09:56.538996+00:00,LABUH REDE ZONA 2,LAUT
2058792,252001005795,PT. ADHIGANA PARADUTA MULYA,2025-10-30 05:09:56.538996+00:00,LAUT,AREA LABUH PINDAH BUP PELINDO
2058789,255901008623,CAKRAWALA ALAM SAMUDERA,2025-10-30 05:09:56.538996+00:00,JETTY PT. Marina Bara Lestari,Area Labuh Umum
2058788,251301017145,TANTA BAHARI PERKASA,2025-10-30 05:09:56.538996+00:00,DERMAGA PT. SEMEN INDONESIA,LAUT (GRESIK)
2058787,252501033201,"TERA LOGISTIC INDONESIA, PT",2025-10-30 05:09:56.538996+00:00,AMBANG LUAR,LAUT
2058786,255801018856,"ZAHRA BAROKAH SUKSES, PT",2025-10-30 05:09:56.538996+00:00,LABUH STS (K),LAUT
2058783,252501033679,"TERA LOGISTIC INDONESIA, PT",2025-10-30 05:09:56.538996+00:00,REDE TRISAKTI,AMBANG LUAR
2058782,251401007800,PT. PELAYARAN LAKSITA ADITYA PARAMA,2025-10-30 05:09:56.538996+00:00,PELABUHAN KOLONEDALE DERMAGA 1,LAUT(KOLONODALE)
2058781,251301018039,"PERTAMINA TRANS KONTINENTAL, PT",2025-10-30 05:09:56.538996+00:00,LAUT,SEMAMPIR
2058757,251401007985,"CITRABARU ADINUSANTARA, PT",2025-10-30 05:09:56.538996+00:00,LAUT(KENDARI),TERMINAL BUNGKUTOKO
2058756,252501033677,"TERA LOGISTIC INDONESIA, PT",2025-10-30 05:09:56.538996+00:00,REDE TRISAKTI,AMBANG LUAR
2058753,257401002089,"MERATUS LINE, PT",2025-10-30 05:09:56.538996+00:00,DERMAGA MULTIPURPOSE BUMIHARJO,REDE KUMAI
2058751,255801019165,"PERTAMINA TRANS KONTINENTAL, PT JAKARTA",2025-10-30 05:09:56.538996+00:00,LAUT,LABUH STS (K)
2058748,254001006632,"NASIONAL GLOBAL KARIMUN, PT",2025-10-30 05:09:56.538996+00:00,LAUT,PT. BUKIT ALAM PERSADA DERMAGA 1
2058745,252501033662,"TRANS POWER MARINE TBK, PT",2025-10-30 05:09:56.538996+00:00,REDE TRISAKTI,AMBANG LUAR
2058777,252501033148,MEGA BAHTERA KENCANA PT,2025-10-30 05:09:56.538996+00:00,AMBANG LUAR,LAUT
2058775,251501010264,PT. RAKATA JAYA SAMUDERA,2025-10-30 05:09:56.538996+00:00,LAUT,AREA LABUH ZONA - B
2058774,251901043999,"PELAYARAN MARINDO PACIFIC, PT",2025-10-30 05:09:56.538996+00:00,AREA LABUH PERAIRAN STS (SHIP TO SHIP TRANSFER) MUARA BERAU,AREA LABUH ZONA 3A
2058770,252501033707,"KARTIKA SAMUDRA ADIJAYA, PT",2025-10-30 05:09:56.538996+00:00,LAUT,REDE TRISAKTI
2058768,252501033705,PT Immanu Sukses Bersama,2025-10-30 05:09:56.538996+00:00,,
2058765,251901043840,"MARITEL BAHTERA ABADI, PT",2025-10-30 05:09:56.538996+00:00,AREA LABUH PERAIRAN STS (SHIP TO SHIP TRANSFER) MUARA BERAU,AREA LABUH ZONA 3B
2058767,251901043840,"MARITEL BAHTERA ABADI, PT",2025-10-30 05:09:56.538996+00:00,AREA LABUH PERAIRAN STS (SHIP TO SHIP TRANSFER) MUARA BERAU,AREA LABUH ZONA 3B
2058766,251901043840,"MARITEL BAHTERA ABADI, PT",2025-10-30 05:09:56.538996+00:00,AREA LABUH PERAIRAN STS (SHIP TO SHIP TRANSFER) MUARA BERAU,AREA LABUH ZONA 3B
2058764,251501009918,PT. GARUDA UNGGUL NASIONAL,2025-10-30 05:09:56.538996+00:00,AREA LABUH ZONA - F,LABUH GANDUS
2058763,250301002876,PT. RIZKY ARMADA NUSANTARA BAHARI,2025-10-30 05:09:56.538996+00:00,KADE TBL-226,AREA LABUH LOA 70 - 100 meter kapal barang
2058762,255801018628,"WIRDANTI SAMUDERA SEJAHTERA, PT",2025-10-30 05:09:56.538996+00:00,TUKS PT. KUTAI REFINERY NUSANTARA,LAUT
2058760,252501033699,"BARITO DUTA SARANA, PT",2025-10-30 05:09:56.538996+00:00,LAUT,REDE TRISAKTI
2058737,251401007962,"SALAM PACIFIC INDONESIA LINES, PT KANTOR PUSAT",2025-10-30 05:09:56.538996+00:00,AREA LABUH KAPAL B3,DERMAGA II
2058744,252501032107,"BINA BANUA SAMUDERA, PT",2025-10-30 05:09:56.538996+00:00,REDE TRISAKTI,LAUT
2058743,253201001586,"JEMBATAN NUSANTARA, PT",2025-10-30 05:09:56.538996+00:00,AREA LABUH JANGKAR UNTUK KAPAL PENUMPANG,DERMAGA NUSANTARA
2058739,255701022294,PT. PELAYARAN KARTIKASAMUDRA ADIJAYA,2025-10-30 05:09:56.538996+00:00,DERMAGA BORNEO INDOBARA,STS BUNATI
2058716,255701022285,PT. PELAYARAN KARTIKASAMUDRA ADIJAYA,2025-10-30 05:09:56.538996+00:00,DERMAGA BORNEO INDOBARA,STS BUNATI
2058713,255801019145,"SINAR PASIFIC, PT",2025-10-30 05:09:56.538996+00:00,LAUT,TUKS PT. DERMAGA PERKASA PRATAMA
2058710,255801019162,"SINAR PASIFIC, PT",2025-10-30 05:09:56.538996+00:00,LAUT,TUKS PT. DERMAGA PERKASA PRATAMA
2058708,252501033701,"TERA LOGISTIC INDONESIA, PT",2025-10-30 05:09:56.538996+00:00,,
2058706,252501033697,"TERA LOGISTIC INDONESIA, PT",2025-10-30 05:09:56.538996+00:00,,
2058735,255801019164,"SINAR PASIFIC, PT",2025-10-30 05:09:56.538996+00:00,LAUT,TUKS PT. DERMAGA PERKASA PRATAMA
2058732,252001005794,PT. PERTAMINA TRANS KONTINENTAL,2025-10-30 05:09:56.538996+00:00,LAUT,AREA LABUH PINDAH BUP PELINDO
2058728,255801019167,"OREMUS BAHARI MANDIRI, PT",2025-10-30 05:09:56.538996+00:00,LAUT,TUKS PT. PERTAMINA PERSERO - PSTB
2058727,251301017411,PT SEROJA JAYA AGENSI,2025-10-30 05:09:56.538996+00:00,AREA REDE DALAM,LAUT (GRESIK)
2058725,255701022006,PT. LIMA SEMBILAN SEMBILAN SEMBILAN,2025-10-30 05:09:56.538996+00:00,DERMAGA SWANGI I,LAUT
2058721,255801018776,"MITRA BAHARI SEJATI, PT",2025-10-30 05:09:56.538996+00:00,TUKS PT. DERMAGA PERKASA PRATAMA,LABUH REDE ZONA 2
2058719,252601000697,"SOLUSI BANGUN INDONESIA TBK, PT",2025-10-30 05:09:56.538996+00:00,PT. SBI - DERMAGA II KARANGTALUN,PT. SBI - DERMAGA I TG.SODONG
2058718,255701022434,PT. DHARMA LAUTAN UTAMA,2025-10-30 05:09:56.538996+00:00,LAUT,DERMAGA BATULICIN 1
2058657,258701003488,NAVAL GLOBAL TRANS,2025-10-30 05:09:56.538996+00:00,IKD 1,LAUT
2058702,255901008864,TIRTA SAMUDERA CARAKA,2025-10-30 05:09:56.538996+00:00,Area Ship To Ship Umum,LAUT
2058699,255801018846,"MITRA BAHARI SEJATI, PT",2025-10-30 05:09:56.538996+00:00,TUKS PT. DERMAGA PERKASA PRATAMA,LABUH REDE ZONA 2
2058696,251301018099,"PERTAMINA TRANS KONTINENTAL, PT",2025-10-30 05:09:56.538996+00:00,LAUT (GRESIK),PERTAMINA ASPAL
2058695,255801019166,"OREMUS BAHARI MANDIRI, PT",2025-10-30 05:09:56.538996+00:00,LAUT,TUKS PT. PERTAMINA PERSERO - PSTB
2058693,251401007929,"SALAM PACIFIC INDONESIA LINES, PT KANTOR PUSAT",2025-10-30 05:09:56.538996+00:00,DERMAGA II,LAUT(BAU BAU)
2058691,257401002070,"SEROJA JAYA AGENSI, PT",2025-10-30 05:09:56.538996+00:00,REDE KUMAI,LAUT
2058690,251301018192,PT. Totalindo Marine Services,2025-10-30 05:09:56.538996+00:00,LAUT,TPS/ICT OCEAN GOING
2058685,252501033701,"TERA LOGISTIC INDONESIA, PT",2025-10-30 05:09:56.538996+00:00,,
2058683,251901043516,"AFTA TRANS MANDIRI, PT",2025-10-30 05:09:56.538996+00:00,TERMINAL UMUM SAMARINDA,LAUT
2058680,251901044066,"PELAYARAN SENTOSA MAKMUR, PT",2025-10-30 05:09:56.538996+00:00,LAUT,AREA LABUH ZONA 3B
2058682,251901044066,"PELAYARAN SENTOSA MAKMUR, PT",2025-10-30 05:09:56.538996+00:00,LAUT,AREA LABUH ZONA 3B
2058681,251901044066,"PELAYARAN SENTOSA MAKMUR, PT",2025-10-30 05:09:56.538996+00:00,LAUT,AREA LABUH ZONA 3B
2058675,252501033071,"PERTAMINA TRANS KONTINENTAL, PT",2025-10-30 05:09:56.538996+00:00,TUKS PT. PERTAMINA PATRA NIAGA,LAUT
2058674,252501033071,"PERTAMINA TRANS KONTINENTAL, PT",2025-10-30 05:09:56.538996+00:00,TUKS PT. PERTAMINA PATRA NIAGA,LAUT
2058673,255201009282,PRIMA NAVIGASI BAHARI,2025-10-30 05:09:56.538996+00:00,TUKS PT. INDAH KIAT PULP & PAPER 1,LAUT
2058669,250101012478,PT PELAYARAN DALAM NEGERI BUNGANUSA MAHAKAM,2025-10-30 05:09:56.538996+00:00,Area Labuh ZONA E AREA LABUH KAPAL GENERAL CARGO LOA S/D 140 M,OPERASI TERMINAL I - INGGOM I BEACHING
2058667,251801004691,"TEMAS SHIPPING, PT",2025-10-30 05:09:56.538996+00:00,LAUT,MAKASSAR NEW PORT PETIKEMAS
2058663,251301017991,"TEMAS SHIPPING, PT",2025-10-30 05:09:56.538996+00:00,LAMONG OCEAN GOING,LAUT
2058662,254001006631,"NASIONAL GLOBAL KARIMUN, PT",2025-10-30 05:09:56.538996+00:00,LAUT,PT. BUKIT ALAM PERSADA DERMAGA 1
2058654,251401008019,"HAN JAYA MEDITERANIA LINES, PT",2025-10-30 05:09:56.538996+00:00,LAUT(KENDARI),TERMINAL BUNGKUTOKO
2058653,251901044121,"PELAYARAN LESTARI CAHAYA MULIA, PT",2025-10-30 05:09:56.538996+00:00,LAUT,AREA LABUH ZONA 3A
2058652,253501003434,"PELAYARAN NASIONAL INDONESIA, PT KANTOR PUSAT",2025-10-30 05:09:56.538996+00:00,AREA LABUH KAPAL PENUMPANG,TERMINAL UMUM - DERMAGA PENUMPANG
2058648,252501033673,"TERA LOGISTIC INDONESIA, PT",2025-10-30 05:09:56.538996+00:00,REDE TRISAKTI,AMBANG LUAR
2058647,258501002568,NIAGA DARMAWAN SUKSES BERSAMA,2025-10-30 05:09:56.538996+00:00,AREA LABUH ZONA 2 LOKTUAN,TERSUS PT. PUPUK KALIMANTAN TIMUR DERMAGA I SELATAN
2058641,251201003066,PT. MITRA INDAH SAMUDERA LINES,2025-10-30 05:09:56.538996+00:00,LAUT,TUKS PT. INDAH KIAT PULP AND PAPER 04
2058617,255801019148,"SINAR PASIFIC, PT",2025-10-30 05:09:56.538996+00:00,LAUT,LABUH STS (S)
2058659,250401002698,PT. SAMUDERA ANUGRAH AGUNG,2025-10-30 05:09:56.538996+00:00,TUKS PT. BUMI PERMAI LESTARI,LAUT
2058637,251901041718,PRAWIRA LAUTAN PRIYATAMA PT,2025-10-30 05:09:56.538996+00:00,Area Labuh Zona 3C,TUKS JEMBAYAN MUARA BARA DERMAGA I
2058636,255901009220,"DIAN CIPTAMAS AGUNG, PT",2025-10-30 05:09:56.538996+00:00,Area Labuh Umum,JETTY PT. Nusantara Samudera Gemilang
2058635,252501033695,"TERA LOGISTIC INDONESIA, PT",2025-10-30 05:09:56.538996+00:00,,
2058634,251901040785,"KARYA BINTANG TIMUR, PT",2025-10-30 05:09:56.538996+00:00,TUKS PT. MUTIARA ETAM COAL,AREA LABUH ZONA 2
2058631,251801004710,"TANTO INTIM LINES, PT",2025-10-30 05:09:56.538996+00:00,LAUT,HATTA - PETIKEMAS
2058629,252301001394,"ATOSIM LAMPUNG PELAYARAN, PT",2025-10-30 05:09:56.538996+00:00,DERMAGA UMUM,LAUT
2058628,255801019155,"SINAR PASIFIC, PT",2025-10-30 05:09:56.538996+00:00,LAUT,LABUH STS (S)
2058626,255201009103,PERTAMINA TRANS KONTINENTAL,2025-10-30 05:09:56.538996+00:00,TUKS PT. SKK MIGAS (PERTAMINA EP),LAUT
2058623,251901042254,"MARITEL BAHTERA ABADI, PT",2025-10-30 05:09:56.538996+00:00,AREA LABUH ZONA 3B,AREA LABUH ZONA 2
2058625,251901042254,"MARITEL BAHTERA ABADI, PT",2025-10-30 05:09:56.538996+00:00,AREA LABUH ZONA 3B,AREA LABUH ZONA 2
2058624,251901042254,"MARITEL BAHTERA ABADI, PT",2025-10-30 05:09:56.538996+00:00,AREA LABUH ZONA 3B,AREA LABUH ZONA 2
2058622,250101012781,PT BUKIT MERAPIN NUSANTARA LINES,2025-10-30 05:09:56.538996+00:00,OPERASI TERMINAL II - KADE 108,LAUT
2058619,252501033697,"TERA LOGISTIC INDONESIA, PT",2025-10-30 05:09:56.538996+00:00,,
2058615,255801017733,"PERTAMINA TRANS KONTINENTAL, PT JAKARTA",2025-10-30 05:09:56.538996+00:00,LABUH STS (K),LAUT
2058612,251301018028,"MERATUS LINE, PT",2025-10-30 05:09:56.538996+00:00,NILAM TIMUR,LAUT
2058611,255201009431,PERTAMINA TRANS KONTINENTAL,2025-10-30 05:09:56.538996+00:00,TUKS PT. PERTAMINA TBBM SIAK,LAUT
2058610,250401002755,PT. VANCA SAMUDRA ABADI,2025-10-30 05:09:56.538996+00:00,KADE GML,LAUT
2058608,255201009467,PERTAMINA TRANS KONTINENTAL,2025-10-30 05:09:56.538996+00:00,LAUT,TUKS PT. PERTAMINA TBBM SIAK
2058605,251901042473,"MARITEL BAHTERA ABADI, PT",2025-10-30 05:09:56.538996+00:00,AREA LABUH ZONA 3B,AREA LABUH ZONA 2
2058607,251901042473,"MARITEL BAHTERA ABADI, PT",2025-10-30 05:09:56.538996+00:00,AREA LABUH ZONA 3B,AREA LABUH ZONA 2
2058606,251901042473,"MARITEL BAHTERA ABADI, PT",2025-10-30 05:09:56.538996+00:00,AREA LABUH ZONA 3B,AREA LABUH ZONA 2
2058604,252501033068,"BERKAH BATU ANTING, PT",2025-10-30 05:09:56.538996+00:00,REDE TRISAKTI,TUKS PT. DUTA BAHARI MENARA LINE
2058599,250301002991,PT PASIFIK SAMUDRA SENTOSA,2025-10-30 05:09:56.538996+00:00,AREA LABUH LOA 70 - 100 meter kapal barang,KADE TBL-226
2058596,250501006484,PT. PELAYARAN NASIONAL INDONESIA,2025-10-30 05:09:56.538996+00:00,LAUT,"Area labuh (Zona F) Untuk Kapal Penumpang, Kapal Nelayan, Yacht"
2058595,254401000482,"PERTAMINA TRANS KONTINENTAL, PT",2025-10-30 05:09:56.538996+00:00,AREA LABUH REDE FAK-FAK,TERSUS PT. PERTAMINA (PERSERO)
2058593,251901044097,"NUGRAHA SAMUDERA SEJAHTERA, PT",2025-10-30 05:09:56.538996+00:00,LAUT,AREA LABUH ZONA 3A
2058584,252501033695,"TERA LOGISTIC INDONESIA, PT",2025-10-30 05:09:56.538996+00:00,,
2058583,255801019143,"PERTAMINA TRANS KONTINENTAL, PT JAKARTA",2025-10-30 05:09:56.538996+00:00,LABUH REDE,TUKS PT. PERTAMINA PERSERO - RU-V
2058581,258301004756,"PELAYARAN ANDHARA ADHYA JAYA, PT",2025-10-30 05:09:56.538996+00:00,REDE UMUM,LAUT
2058579,251301017522,"PELAYARAN KARANA LINE, PT",2025-10-30 05:09:56.538996+00:00,DERMAGA PT. BERLIAN MANYAR SEJ,LAUT (GRESIK)
2058573,255201009363,PT TANTO INTIM LINE,2025-10-30 05:09:56.538996+00:00,TUKS PT. RIAU ANDALAN PULP & PAPER 1,LAUT
2058570,255801018934,"TANTO INTIM LINE, PT",2025-10-30 05:09:56.538996+00:00,LABUH REDE ZONA 3,LAUT
2058568,255701022264,PT. TIDAR SAMUDERA RAYA,2025-10-30 05:09:56.538996+00:00,DERMAGA BORNEO INDOBARA,STS BUNATI
2058567,255201009428,"PULAU LAUT LINE, PT",2025-10-30 05:09:56.538996+00:00,LAUT,TERMINAL UMUM PT. PELINDO I
2058566,255801018832,"PELAYARAN MARINDO PACIFIC, PT",2025-10-30 05:09:56.538996+00:00,TERSUS PT. TEPIAN BENUO PASER,LABUH REDE
2058565,252001005686,PT. PERTAMINA TRANS KONTINENTAL,2025-10-30 05:09:56.538996+00:00,DP 1,AREA LABUH PINDAH BUP PELINDO
2058564,251301018081,TANTA BAHARI PERKASA,2025-10-30 05:09:56.538996+00:00,DERMAGA PT. WILMAR NABATI,AREA REDE DALAM
2058562,250101012541,PT. PERUSAHAAN PEL NUSANTARA TANTO INTIM LINE,2025-10-30 05:09:56.538996+00:00,OPERASI TERMINAL II - KADE 113,LAUT
2058561,252001005725,PT. PERTAMINA TRANS KONTINENTAL,2025-10-30 05:09:56.538996+00:00,AREA LABUH PINDAH BUP PELINDO,CHEVRON 1
2058558,251201002968,PT. PERTAMINA TRANS KONTINENTAL,2025-10-30 05:09:56.538996+00:00,TUKS PT PERTAMINA PATRA NIAGA 01,PERAIRAN TANJUNG GEREM
2058557,252501033693,"INDO DARMA TRANSPORTASI, PT",2025-10-30 05:09:56.538996+00:00,LAUT,REDE TRISAKTI
2058554,253501003420,SURYA BAHTERA MARITIM,2025-10-30 05:09:56.538996+00:00,AREA LABUH KAPAL PENUMPANG,TERMINAL UMUM - DERMAGA PENUMPANG
2058553,257601018382,"BAHARI TIRTA JAYA, PT",2025-10-30 05:09:56.538996+00:00,TERSUS PT KIDECO JAYA AGUNG DERMAGA II BATUBARA,AREA LABUH PERAIRAN PASIR MAYANG
2058547,251901044081,"MASADA JAYA LINES, PT",2025-10-30 05:09:56.538996+00:00,LAUT,AREA LABUH ZONA 5
2058550,251901044081,"MASADA JAYA LINES, PT",2025-10-30 05:09:56.538996+00:00,LAUT,AREA LABUH ZONA 5
2058549,251901044081,"MASADA JAYA LINES, PT",2025-10-30 05:09:56.538996+00:00,LAUT,AREA LABUH ZONA 5
2058548,251901044081,"MASADA JAYA LINES, PT",2025-10-30 05:09:56.538996+00:00,LAUT,AREA LABUH ZONA 5
2058545,256701002901,"HOKARI LINEX PRATAMA, PT",2025-10-30 05:09:56.538996+00:00,LAUT,AREA LABUH KAPAL TANGKER
2058544,250101012631,PT. PERUSAHAAN PEL NUSANTARA TANTO INTIM LINE,2025-10-30 05:09:56.538996+00:00,OPERASI TERMINAL II - KADE 112,LAUT
2058543,250101012468,PT. PERUSAHAAN PEL NUSANTARA TANTO INTIM LINE,2025-10-30 05:09:56.538996+00:00,OPERASI TERMINAL II - KADE 110,LAUT
2058538,250101010597,KOLINLAMIL,2025-10-30 05:09:56.538996+00:00,,
2058517,252501033675,"TERA LOGISTIC INDONESIA, PT",2025-10-30 05:09:56.538996+00:00,REDE TRISAKTI,AMBANG LUAR
2058515,257701000582,BUNDA SEJAHTERA MARITIM,2025-10-30 05:09:56.538996+00:00,TERSUS JETTY PT.KURNIA LUWUK SEJATI,LAUT LUWUK
2058514,255101004060,PT INDOMAS KARYA NUSANTARA,2025-10-30 05:09:56.538996+00:00,LAUT,RAPP Penyengat Futong Dermaga II
2058513,255801019070,"SINAR PASIFIC, PT",2025-10-30 05:09:56.538996+00:00,LABUH STS (S),LAUT
2058511,251501009906,PT. WISTARA SHIPPING AGENCY,2025-10-30 05:09:56.538996+00:00,LABUH GANDUS,AREA LABUH ZONA - C
2058578,258701002688,WARUNA NUSA SENTANA,2025-10-30 05:09:56.538996+00:00,Dermaga TUKS PT. WARUNA NUSA SENTANA,Dermaga TUKS PT. WARUNA NUSA SENTANA DOCK PINGGIRAN
2058535,251901040742,"MARITEL BAHTERA ABADI, PT",2025-10-30 05:09:56.538996+00:00,AREA LABUH ZONA 3B,AREA LABUH ZONA 2
2058537,251901040742,"MARITEL BAHTERA ABADI, PT",2025-10-30 05:09:56.538996+00:00,AREA LABUH ZONA 3B,AREA LABUH ZONA 2
2058536,251901040742,"MARITEL BAHTERA ABADI, PT",2025-10-30 05:09:56.538996+00:00,AREA LABUH ZONA 3B,AREA LABUH ZONA 2
2058533,252801001396,"MERATUS LINE, PT",2025-10-30 05:09:56.538996+00:00,"AREA LABUH KAPAL B3, KAPAL CONTAINER, KAPAL TANKER, KAPAL CARGO, KAPAL PENUMPANG, KAPAL KAYU",TERMINAL PETIKEMAS
2058531,250101012562,PT. PERUSAHAAN PEL NUSANTARA TANTO INTIM LINE,2025-10-30 05:09:56.538996+00:00,OPERASI TERMINAL I - DERMAGA 004.PNP,LAUT
2058530,255801018833,"PELAYARAN MARINDO PACIFIC, PT",2025-10-30 05:09:56.538996+00:00,TERSUS PT. TEPIAN BENUO PASER,LABUH REDE
2058528,257601018380,"BAHARI TIRTA JAYA, PT",2025-10-30 05:09:56.538996+00:00,TERSUS PT KIDECO JAYA AGUNG DERMAGA II BATUBARA,AREA LABUH PERAIRAN PASIR MAYANG
2058527,250101012642,PT GAMAL SAMUDERA MANDIRI,2025-10-30 05:09:56.538996+00:00,PT. JAKARTA TANK TERMINAL - JAKARTA TANK TERMINAL 2,LAUT
2058526,255801019140,PT. INDO CONTAINER LINES,2025-10-30 05:09:56.538996+00:00,PT. PELINDO TERMINAL PETI KEMAS KARIANGAU,LABUH REDE ZONA 3
2058523,255801019072,"SINAR PASIFIC, PT",2025-10-30 05:09:56.538996+00:00,LABUH STS (S),LAUT
2058521,250101011400,KOLINLAMIL,2025-10-30 05:09:56.538996+00:00,,
2058519,255801019074,"SINAR PASIFIC, PT",2025-10-30 05:09:56.538996+00:00,LABUH STS (S),LAUT
2058509,251401007918,"SAFINAH SAMUDERA SHIPPING, PT",2025-10-30 05:09:56.538996+00:00,TERSUS PT. USAHA KITA KINERJA TAMA,LAUT(KOLONODALE)
2058508,255701022290,PT. PELAYARAN KARTIKASAMUDRA ADIJAYA,2025-10-30 05:09:56.538996+00:00,STS BUNATI,DERMAGA BORNEO INDOBARA
2058506,250101012582,PT BINTANG LIMA SAMUDRA,2025-10-30 05:09:56.538996+00:00,OPERASI TERMINAL I - KADE 001,LAUT
2058505,255801019035,"TEMAS SHIPPING, PT",2025-10-30 05:09:56.538996+00:00,LABUH REDE ZONA 3,LAUT
2058504,255801018854,PUTRA TRANSPORT KUDUS.PT,2025-10-30 05:09:56.538996+00:00,LABUH REDE ZONA 2,LAUT
2058501,255801019076,"SINAR PASIFIC, PT",2025-10-30 05:09:56.538996+00:00,LABUH STS (S),LAUT
2058473,251901042532,"LINTAS MAHAKAM ABADI, PT",2025-10-30 05:09:56.538996+00:00,TUKS MAHAKAM SUMBER JAYA DERMAGA I,AREA LABUH ZONA 2
2058476,251901042532,"LINTAS MAHAKAM ABADI, PT",2025-10-30 05:09:56.538996+00:00,TUKS MAHAKAM SUMBER JAYA DERMAGA I,AREA LABUH ZONA 2
2058475,251901042532,"LINTAS MAHAKAM ABADI, PT",2025-10-30 05:09:56.538996+00:00,TUKS MAHAKAM SUMBER JAYA DERMAGA I,AREA LABUH ZONA 2
2058474,251901042532,"LINTAS MAHAKAM ABADI, PT",2025-10-30 05:09:56.538996+00:00,TUKS MAHAKAM SUMBER JAYA DERMAGA I,AREA LABUH ZONA 2
2058469,251501010184,PT. KARYA PACIFIC SHIPPING,2025-10-30 05:09:56.538996+00:00,LABUH GANDUS,PT. DIZAMATRA POWERINDO
2058468,251301018075,"MERATUS LINE, PT",2025-10-30 05:09:56.538996+00:00,LAUT,LAMONG OCEAN GOING
2058497,255801018626,"WIRDANTI SAMUDERA SEJAHTERA, PT",2025-10-30 05:09:56.538996+00:00,LABUH REDE,LAUT
2058496,255101004051,PT INDOMAS KARYA NUSANTARA,2025-10-30 05:09:56.538996+00:00,LAUT,RAPP Penyengat Futong Dermaga III
2058494,251401007922,"SAFINAH SAMUDERA SHIPPING, PT",2025-10-30 05:09:56.538996+00:00,TERSUS PT. USAHA KITA KINERJA TAMA,LAUT(KOLONODALE)
2058493,251101001260,PT. SARANA SUKSES MARITIM,2025-10-30 05:09:56.538996+00:00,LABUH,AREA LABUH DALAM DLKp
2058492,255801018749,PT. ITL SHIPPING AGENCY,2025-10-30 05:09:56.538996+00:00,LABUH REDE ZONA 2,LAUT
2058491,251401007896,"SAFINAH SAMUDERA SHIPPING, PT",2025-10-30 05:09:56.538996+00:00,TERSUS PT. USAHA KITA KINERJA TAMA,LAUT(KOLONODALE)
2058487,251901042535,"LINTAS MAHAKAM ABADI, PT",2025-10-30 05:09:56.538996+00:00,TUKS MAHAKAM SUMBER JAYA DERMAGA I,AREA LABUH ZONA 2
2058490,251901042535,"LINTAS MAHAKAM ABADI, PT",2025-10-30 05:09:56.538996+00:00,TUKS MAHAKAM SUMBER JAYA DERMAGA I,AREA LABUH ZONA 2
2058489,251901042535,"LINTAS MAHAKAM ABADI, PT",2025-10-30 05:09:56.538996+00:00,TUKS MAHAKAM SUMBER JAYA DERMAGA I,AREA LABUH ZONA 2
2058488,251901042535,"LINTAS MAHAKAM ABADI, PT",2025-10-30 05:09:56.538996+00:00,TUKS MAHAKAM SUMBER JAYA DERMAGA I,AREA LABUH ZONA 2
2058484,251501010150,PT. KARYA PACIFIC SHIPPING,2025-10-30 05:09:56.538996+00:00,LABUH GANDUS,PT. DIZAMATRA POWERINDO
2058483,255901009274,"PELAYARAN PRIMA SAMUDERA JAYA, PT",2025-10-30 05:09:56.538996+00:00,Area Labuh Umum,JETTY PT. Kaltim Jaya Bara
2058482,255801019078,"SINAR PASIFIC, PT",2025-10-30 05:09:56.538996+00:00,LABUH STS (S),LAUT
2058454,251901042536,"LINTAS MAHAKAM ABADI, PT",2025-10-30 05:09:56.538996+00:00,TUKS MAHAKAM SUMBER JAYA DERMAGA I,AREA LABUH ZONA 2
2058457,251901042536,"LINTAS MAHAKAM ABADI, PT",2025-10-30 05:09:56.538996+00:00,TUKS MAHAKAM SUMBER JAYA DERMAGA I,AREA LABUH ZONA 2
2058456,251901042536,"LINTAS MAHAKAM ABADI, PT",2025-10-30 05:09:56.538996+00:00,TUKS MAHAKAM SUMBER JAYA DERMAGA I,AREA LABUH ZONA 2
2058455,251901042536,"LINTAS MAHAKAM ABADI, PT",2025-10-30 05:09:56.538996+00:00,TUKS MAHAKAM SUMBER JAYA DERMAGA I,AREA LABUH ZONA 2
2058450,252501033617,"MITRA BAHARI SENTOSA, PT",2025-10-30 05:09:56.538996+00:00,REDE TRISAKTI,AMBANG LUAR
2058446,251901042647,"LINTAS MAHAKAM ABADI, PT",2025-10-30 05:09:56.538996+00:00,TUKS MAHAKAM SUMBER JAYA DERMAGA I,AREA LABUH ZONA 2
2058449,251901042647,"LINTAS MAHAKAM ABADI, PT",2025-10-30 05:09:56.538996+00:00,TUKS MAHAKAM SUMBER JAYA DERMAGA I,AREA LABUH ZONA 2
2058448,251901042647,"LINTAS MAHAKAM ABADI, PT",2025-10-30 05:09:56.538996+00:00,TUKS MAHAKAM SUMBER JAYA DERMAGA I,AREA LABUH ZONA 2
2058447,251901042647,"LINTAS MAHAKAM ABADI, PT",2025-10-30 05:09:56.538996+00:00,TUKS MAHAKAM SUMBER JAYA DERMAGA I,AREA LABUH ZONA 2
2058445,253001000521,"PELAYARAN ARAFURA LINE, PT",2025-10-30 05:09:56.538996+00:00,REDE,AREA LABUH - GUDANG ARANG
2058442,252501030985,"GAYATRI SAMUDERA MANDIRI, PT",2025-10-30 05:09:56.538996+00:00,REDE TRISAKTI,KADE TRISAKTI
2058440,258301004855,"PELAYARAN INTI INTERNATIONAL, PT",2025-10-30 05:09:56.538996+00:00,LAUT,AREA ALIH MUAT KAPAL (STS) KAPAL CARGO
2058417,252101005525,"MERDEKA BAHARI KALTARA, PT",2025-10-30 05:09:56.538996+00:00,REDE TARAKAN,LAUT TARAKAN
2058416,251201002969,PT. PERTAMINA TRANS KONTINENTAL,2025-10-30 05:09:56.538996+00:00,TUKS PT PERTAMINA PATRA NIAGA 02,LAUT
2058414,251301018205,"DHARMA LAUTAN UTAMA, PT",2025-10-30 05:09:56.538996+00:00,LAUT,JAMRUD UTARA
2058411,252501033388,"TEMAS SHIPPING, PT",2025-10-30 05:09:56.538996+00:00,TPKB CC1,REDE TRISAKTI
2058410,251201003057,PT. BENUA INDAH GEMACA,2025-10-30 05:09:56.538996+00:00,LAUT,DERMAGA V PELINDO BANTEN
2058406,251901044048,"LINTAS MAHAKAM ABADI, PT",2025-10-30 05:09:56.538996+00:00,TUKS MAHAKAM SUMBER JAYA DERMAGA I,AREA LABUH ZONA 2
2058409,251901044048,"LINTAS MAHAKAM ABADI, PT",2025-10-30 05:09:56.538996+00:00,TUKS MAHAKAM SUMBER JAYA DERMAGA I,AREA LABUH ZONA 2
2058408,251901044048,"LINTAS MAHAKAM ABADI, PT",2025-10-30 05:09:56.538996+00:00,TUKS MAHAKAM SUMBER JAYA DERMAGA I,AREA LABUH ZONA 2
2058407,251901044048,"LINTAS MAHAKAM ABADI, PT",2025-10-30 05:09:56.538996+00:00,TUKS MAHAKAM SUMBER JAYA DERMAGA I,AREA LABUH ZONA 2
2058405,251301018152,"CITRABARU ADINUSANTARA, PT",2025-10-30 05:09:56.538996+00:00,LAUT,ZONA LABUH 2 (SURABAYA)
2058467,255801019080,"SINAR PASIFIC, PT",2025-10-30 05:09:56.538996+00:00,LABUH STS (S),LAUT
2058464,253001000520,"PELAYARAN ARAFURA LINE, PT",2025-10-30 05:09:56.538996+00:00,REDE,AREA LABUH - GUDANG ARANG
2058463,251401007997,"BERKAH PASIFIK MARITIM, PT",2025-10-30 05:09:56.538996+00:00,DERMAGA I,LAUT(BAU BAU)
2058437,251901043179,PT. PELAYARAN DUTA LINTAS SAMUDERA,2025-10-30 05:09:56.538996+00:00,TERSUS PT. CRISTIAN EKA PRATAMA,AREA LABUH ZONA 2
2058462,251901043179,PT. PELAYARAN DUTA LINTAS SAMUDERA,2025-10-30 05:09:56.538996+00:00,TERSUS PT. CRISTIAN EKA PRATAMA,AREA LABUH ZONA 2
2058461,251901043179,PT. PELAYARAN DUTA LINTAS SAMUDERA,2025-10-30 05:09:56.538996+00:00,TERSUS PT. CRISTIAN EKA PRATAMA,AREA LABUH ZONA 2
2058460,251901043179,PT. PELAYARAN DUTA LINTAS SAMUDERA,2025-10-30 05:09:56.538996+00:00,TERSUS PT. CRISTIAN EKA PRATAMA,AREA LABUH ZONA 2
2058459,251901043179,PT. PELAYARAN DUTA LINTAS SAMUDERA,2025-10-30 05:09:56.538996+00:00,TERSUS PT. CRISTIAN EKA PRATAMA,AREA LABUH ZONA 2
2058458,251901043179,PT. PELAYARAN DUTA LINTAS SAMUDERA,2025-10-30 05:09:56.538996+00:00,TERSUS PT. CRISTIAN EKA PRATAMA,AREA LABUH ZONA 2
2058433,251901030488,"BORNEO MAHAKAM MANDIRI, PT",2025-10-30 05:09:56.538996+00:00,AREA LABUH ZONA 3B,AREA LABUH ZONA 3A
2058435,251901030488,"BORNEO MAHAKAM MANDIRI, PT",2025-10-30 05:09:56.538996+00:00,AREA LABUH ZONA 3B,AREA LABUH ZONA 3A
2058434,251901030488,"BORNEO MAHAKAM MANDIRI, PT",2025-10-30 05:09:56.538996+00:00,AREA LABUH ZONA 3B,AREA LABUH ZONA 3A
2058427,251901042051,"LINTAS MAHAKAM ABADI, PT",2025-10-30 05:09:56.538996+00:00,TUKS MAHAKAM SUMBER JAYA DERMAGA I,AREA LABUH ZONA 2
2058430,251901042051,"LINTAS MAHAKAM ABADI, PT",2025-10-30 05:09:56.538996+00:00,TUKS MAHAKAM SUMBER JAYA DERMAGA I,AREA LABUH ZONA 2
2058429,251901042051,"LINTAS MAHAKAM ABADI, PT",2025-10-30 05:09:56.538996+00:00,TUKS MAHAKAM SUMBER JAYA DERMAGA I,AREA LABUH ZONA 2
2058428,251901042051,"LINTAS MAHAKAM ABADI, PT",2025-10-30 05:09:56.538996+00:00,TUKS MAHAKAM SUMBER JAYA DERMAGA I,AREA LABUH ZONA 2
2058425,255701022220,PT. AZAZ SHIPS SERVICES,2025-10-30 05:09:56.538996+00:00,TUKS PT. JHONLIN GROUP,STS BUNATI
2058423,255801018894,"PERTAMINA TRANS KONTINENTAL, PT JAKARTA",2025-10-30 05:09:56.538996+00:00,LABUH STS (K),LAUT
2058421,252601000696,"SOLUSI BANGUN INDONESIA TBK, PT",2025-10-30 05:09:56.538996+00:00,PT. SBI - DERMAGA I TG.SODONG,PT. SBI - DERMAGA II KARANGTALUN
2058418,257601018368,"BAHARI TIRTA JAYA, PT",2025-10-30 05:09:56.538996+00:00,AREA LABUH PERAIRAN PASIR MAYANG,TERSUS PT KIDECO JAYA AGUNG ALIH MUAT
2058404,252501032928,"LEMA SAMUDERA RAYA, PT",2025-10-30 05:09:56.538996+00:00,KADE TRISAKTI,REDE TRISAKTI
2058403,253201001642,"BARRU SAMUDERA TIMUR, PT",2025-10-30 05:09:56.538996+00:00,LAUT GARONGKONG,TERSUS MTP BARRU
2058401,251301015219,"TEMAS SHIPPING, PT",2025-10-30 05:09:56.538996+00:00,ZONA PERBAIKAN KAPAL (TANJUNG PERAK),TELUK LAMONG - PETIKEMAS DOMESTIK
2058399,250101012783,PT BUKIT MERAPIN NUSANTARA LINES,2025-10-30 05:09:56.538996+00:00,LAUT,OPERASI TERMINAL II - KADE 108
2058394,251901042059,"GEMA SOERYA SAMODRA, PT",2025-10-30 05:09:56.538996+00:00,AREA LABUH ZONA 3B,AREA LABUH ZONA 3A
2058396,251901042059,"GEMA SOERYA SAMODRA, PT",2025-10-30 05:09:56.538996+00:00,AREA LABUH ZONA 3B,AREA LABUH ZONA 3A
2058395,251901042059,"GEMA SOERYA SAMODRA, PT",2025-10-30 05:09:56.538996+00:00,AREA LABUH ZONA 3B,AREA LABUH ZONA 3A
2058393,252101005475,PERTAMINA TRANS KONTINENTAL,2025-10-30 05:09:56.538996+00:00,REDE TARAKAN,LAUT TARAKAN
2058391,251901042378,"MARITEL BAHTERA ABADI, PT",2025-10-30 05:09:56.538996+00:00,TERSUS TRUBAINDO COAL MINING,AREA LABUH ZONA 3B
2058392,251901042378,"MARITEL BAHTERA ABADI, PT",2025-10-30 05:09:56.538996+00:00,TERSUS TRUBAINDO COAL MINING,AREA LABUH ZONA 3B
2058390,255901009298,"DIAN CIPTAMAS AGUNG, PT",2025-10-30 05:09:56.538996+00:00,Area Labuh Umum,JETTY PT. Berau Coal (Site Lati) I
2058389,255701022053,PT. ALWIESTA NIAGA MANDIRI,2025-10-30 05:09:56.538996+00:00,STS TG PEMANCING,REDE TARJUN
2058388,251301018196,"DHARMA LAUTAN UTAMA, PT",2025-10-30 05:09:56.538996+00:00,LAUT,JAMRUD SELATAN
2058386,257601018366,"BAHARI TIRTA JAYA, PT",2025-10-30 05:09:56.538996+00:00,AREA LABUH PERAIRAN PASIR MAYANG,TERSUS PT KIDECO JAYA AGUNG ALIH MUAT
2058382,251901034385,"GEMA SOERYA SAMODRA, PT",2025-10-30 05:09:56.538996+00:00,AREA LABUH ZONA 3A,AREA LABUH ZONA 2
2058374,250701001902,PT. FAHER HAYAD BERSATU,2025-10-30 05:09:56.538996+00:00,SAMADIKUN,LAUT (CIREBON)
2058373,255701022172,PT. AZAZ SHIPS SERVICES,2025-10-30 05:09:56.538996+00:00,TUKS PT. JHONLIN GROUP,STS BUNATI
2058371,258301004852,"BAROKAH TITIAN JAYA, PT",2025-10-30 05:09:56.538996+00:00,LAUT,REDE UMUM
2058366,251301018173,"PELAYARAN NASIONAL INDONESIA (PERSERO), PT",2025-10-30 05:09:56.538996+00:00,JAMRUD UTARA,LAUT
2058364,255901009289,"DIAN CIPTAMAS AGUNG, PT",2025-10-30 05:09:56.538996+00:00,Area Labuh Umum,JETTY PT. Berau Coal (Site Lati) I
2058363,255701022052,PT. ALWIESTA NIAGA MANDIRI,2025-10-30 05:09:56.538996+00:00,STS TG PEMANCING,REDE TARJUN
2058361,255101003641,PT. SYAFANA MITRA SEJAHTERA,2025-10-30 05:09:56.538996+00:00,TUKS PT. RAPP TANJUNG GAMBAR DERMAGA TANJUNG GAMBAR,RAPP Penyengat Futong Dermaga II
2058360,255901009277,"DIAN CIPTAMAS AGUNG, PT",2025-10-30 05:09:56.538996+00:00,Area Labuh Umum,JETTY PT. Berau Coal (Site Lati) I
2058359,250401002772,PT. BANGKA JAYA LINE,2025-10-30 05:09:56.538996+00:00,TERMINAL PETIKEMAS 03,AREA LABUH REDE
2058381,253701006827,"SOLID PELAYARAN INDONESIA, PT",2025-10-30 05:09:56.538996+00:00,LAUT KIJANG,TUKS PT. BINTAN ALUMINA INDONESIA
2058380,255801019022,"RIANDY FIESTA SAMUDERA, PT",2025-10-30 05:09:56.538996+00:00,LABUH REDE ZONA 2,TUKS PT. DERMAGA PERKASA PRATAMA
2058357,257601018279,"BAHARI TIRTA JAYA, PT",2025-10-30 05:09:56.538996+00:00,AREA LABUH PERAIRAN PASIR MAYANG,TERSUS PT KIDECO JAYA AGUNG DERMAGA II BATUBARA
2058348,251301018113,"MENTARI MAS MULTIMODA, PT",2025-10-30 05:09:56.538996+00:00,LAUT,TELUK LAMONG - PETIKEMAS DOMESTIK
2058346,252101005166,PRIMA KALTARA BAHARI,2025-10-30 05:09:56.538996+00:00,AREA LABUH PT STS TANAH KUNING,LAUT TANAH KUNING
2058345,251901043566,"PELAYARAN BERKAH DUTARINDA SARANA,",2025-10-30 05:09:56.538996+00:00,AREA LABUH ZONA 3A,TUKS KRIDA MAKMUR BERSAMA
2058343,251001005212,PT. HALUAN SAMUDERA PERKASA,2025-10-30 05:09:56.538996+00:00,TUKS PT. ERASAKATI WIRAFORESTAMA,REDE UMUM WIL JAMBI
2058342,257601017982,PT. PELAYARAN BAHTERA ADHIGUNA,2025-10-30 05:09:56.538996+00:00,TERSUS PT KIDECO JAYA AGUNG ALIH MUAT,LAUT
2058333,251901043423,"GEMA SOERYA SAMODRA, PT",2025-10-30 05:09:56.538996+00:00,AREA LABUH ZONA 3A,AREA LABUH ZONA 7
2058337,251901043423,"GEMA SOERYA SAMODRA, PT",2025-10-30 05:09:56.538996+00:00,AREA LABUH ZONA 3A,AREA LABUH ZONA 7
2058336,251901043423,"GEMA SOERYA SAMODRA, PT",2025-10-30 05:09:56.538996+00:00,AREA LABUH ZONA 3A,AREA LABUH ZONA 7
2058335,251901043423,"GEMA SOERYA SAMODRA, PT",2025-10-30 05:09:56.538996+00:00,AREA LABUH ZONA 3A,AREA LABUH ZONA 7
2058334,251901043423,"GEMA SOERYA SAMODRA, PT",2025-10-30 05:09:56.538996+00:00,AREA LABUH ZONA 3A,AREA LABUH ZONA 7
2058331,255801019160,"SINAR PASIFIC, PT",2025-10-30 05:09:56.538996+00:00,LAUT,LABUH STS (S)
2058328,254401000482,"PERTAMINA TRANS KONTINENTAL, PT",2025-10-30 05:09:56.538996+00:00,LAUT,AREA LABUH REDE FAK-FAK
2058320,255201009435,PT. SAMUDERA SARANA KARUNIA,2025-10-30 05:09:56.538996+00:00,LAUT,TUKS PT. MUSIM MAS
2058319,251001005183,PT. HALUAN SAMUDERA PERKASA,2025-10-30 05:09:56.538996+00:00,TUKS PT. MITRA USAHA BATANGHARI,REDE UMUM WIL JAMBI
2058296,252501033552,"ANTARMODA MARITIM NUSANTARA, PT",2025-10-30 05:09:56.538996+00:00,REDE TRISAKTI,REDE TRISAKTI
2058295,255701022266,"DIAN CIPTAMAS AGUNG, PT",2025-10-30 05:09:56.538996+00:00,DERMAGA BORNEO INDOBARA,STS BUNATI
2058294,258301004835,"PENASCOP MARITIM INDONESIA, PT",2025-10-30 05:09:56.538996+00:00,LAUT,REDE UMUM
2058340,257601018269,"BAHARI TIRTA JAYA, PT",2025-10-30 05:09:56.538996+00:00,AREA LABUH PERAIRAN PASIR MAYANG,TERSUS PT KIDECO JAYA AGUNG DERMAGA II BATUBARA
2058317,252101005566,"PELAYARAN CAYLA PASIFIK, PT",2025-10-30 05:09:56.538996+00:00,TANJUNG BATU AREA,LAUT TARAKAN
2058314,252501033554,"ANTARMODA MARITIM NUSANTARA, PT",2025-10-30 05:09:56.538996+00:00,REDE TRISAKTI,REDE TRISAKTI
2058311,255801019157,"MERATUS LINE, PT",2025-10-30 05:09:56.538996+00:00,LAUT,LABUH REDE ZONA 3
2058308,251501010260,MARITIM INDO RAYA,2025-10-30 05:09:56.538996+00:00,LAUT,AREA LABUH ZONA - B
2058306,258301004797,MENTAYA AGUNG PERKASA. PT,2025-10-30 05:09:56.538996+00:00,AREA LABUH AREA KOLAM PELABUHAN BAGENDANG,DERMAGA CPO 1
2058305,251901044038,"PERUSAHAAN PELAYARAN NASIONAL SINAR PASIFIC, PT",2025-10-30 05:09:56.538996+00:00,LAUT,TUKS PETRO PERKASA INDONESIA
2058300,251901042857,"KARYA BINTANG TIMUR, PT",2025-10-30 05:09:56.538996+00:00,AREA LABUH PERAIRAN STS (SHIP TO SHIP TRANSFER) MUARA BERAU,AREA LABUH ZONA 3B
2058302,251901042857,"KARYA BINTANG TIMUR, PT",2025-10-30 05:09:56.538996+00:00,AREA LABUH PERAIRAN STS (SHIP TO SHIP TRANSFER) MUARA BERAU,AREA LABUH ZONA 3B
2058301,251901042857,"KARYA BINTANG TIMUR, PT",2025-10-30 05:09:56.538996+00:00,AREA LABUH PERAIRAN STS (SHIP TO SHIP TRANSFER) MUARA BERAU,AREA LABUH ZONA 3B
2058292,2510201000168,"FREEPORT INDONESIA, PT",2025-10-30 05:09:56.538996+00:00,AREA LABUH WILKER AMAMAPARE,LAUT (AMAMPARE)
2058290,255701022170,"DIAN CIPTAMAS AGUNG, PT",2025-10-30 05:09:56.538996+00:00,DERMAGA BORNEO INDOBARA,STS BUNATI
2058287,255801019091,"PERTAMINA TRANS KONTINENTAL, PT JAKARTA",2025-10-30 05:09:56.538996+00:00,LABUH REDE,TUKS PT. PERTAMINA PERSERO - RU-V
2058286,252501033308,"ANUGERAH MAHADAYA NUSANTARA, PT",2025-10-30 05:09:56.538996+00:00,AMBANG LUAR,LAUT
2058284,255701022115,"DIAN CIPTAMAS AGUNG, PT",2025-10-30 05:09:56.538996+00:00,DERMAGA BORNEO INDOBARA,STS BUNATI
2058283,255801019110,"PERTAMINA TRANS KONTINENTAL, PT JAKARTA",2025-10-30 05:09:56.538996+00:00,LABUH REDE,TUKS PT. PERTAMINA PERSERO - RU-V
2058279,258301004772,"PENASCOP MARITIM INDONESIA, PT",2025-10-30 05:09:56.538996+00:00,TUKS PT. SUKAJADI SAWIT MEKAR,AREA LABUH AREA KOLAM PELABUHAN BAGENDANG
2058256,255101003970,"SEGARA MITRA ABADI, PT",2025-10-30 05:09:56.538996+00:00,Mitra Nusantara Shipyard Dermaga I,LAUT
2058255,251901043153,"DANNY SAMUDERA RAYA LINE, PT",2025-10-30 05:09:56.538996+00:00,TERSUS BAYAN RESOURCES TBK. (SINYIUR),AREA LABUH ZONA 3B
2058299,258301004781,"PENASCOP MARITIM INDONESIA, PT",2025-10-30 05:09:56.538996+00:00,LAUT,AREA LABUH AREA KOLAM PELABUHAN BAGENDANG
2058298,252501033284,"ANUGERAH MAHADAYA NUSANTARA, PT",2025-10-30 05:09:56.538996+00:00,AMBANG LUAR,LAUT
2058277,258301004813,"MERATUS LINE, PT",2025-10-30 05:09:56.538996+00:00,DERMAGA MULTIPURPOSE II,AREA LABUH AREA KOLAM PELABUHAN BAGENDANG
2058276,255801019140,PT. INDO CONTAINER LINES,2025-10-30 05:09:56.538996+00:00,LABUH REDE ZONA 3,PT. PELINDO TERMINAL PETI KEMAS KARIANGAU
2058275,250101012776,PT. SALAM PACIFIC INDONESIA LINES,2025-10-30 05:09:56.538996+00:00,Area Labuh ZONA D AREA LABUH KAPAL CONTAINER LOA S/D 140 M,OPERASI TERMINAL II - KADE 103
2058271,253701006328,"SOLID PELAYARAN INDONESIA, PT",2025-10-30 05:09:56.538996+00:00,TUKS PT. BINTAN ALUMINA INDONESIA,LAUT KIJANG
2058269,251901043884,"LIMA UTAMA JAYA SAMUDERA, PT",2025-10-30 05:09:56.538996+00:00,AREA LABUH ZONA 3A,AREA LABUH ZONA 4
2058273,251901043884,"LIMA UTAMA JAYA SAMUDERA, PT",2025-10-30 05:09:56.538996+00:00,AREA LABUH ZONA 3A,AREA LABUH ZONA 4
2058272,251901043884,"LIMA UTAMA JAYA SAMUDERA, PT",2025-10-30 05:09:56.538996+00:00,AREA LABUH ZONA 3A,AREA LABUH ZONA 4
2058270,251901043884,"LIMA UTAMA JAYA SAMUDERA, PT",2025-10-30 05:09:56.538996+00:00,AREA LABUH ZONA 3A,AREA LABUH ZONA 4
2058265,251901043268,"DANNY SAMUDERA RAYA LINE, PT",2025-10-30 05:09:56.538996+00:00,TERSUS BAYAN RESOURCES TBK. (SINYIUR),AREA LABUH ZONA 3B
2058263,251901043279,"DANNY SAMUDERA RAYA LINE, PT",2025-10-30 05:09:56.538996+00:00,TERSUS BAYAN RESOURCES TBK. (SINYIUR),AREA LABUH ZONA 3B
2058260,257401002099,"PELAYARAN NASIONAL INDONESIA (PERSERO), PT",2025-10-30 05:09:56.538996+00:00,DERMAGA UMUM KUMAI,LAUT
2058259,251901043257,"DANNY SAMUDERA RAYA LINE, PT",2025-10-30 05:09:56.538996+00:00,TERSUS BAYAN RESOURCES TBK. (SINYIUR),AREA LABUH ZONA 3B
2058237,251901043264,"DANNY SAMUDERA RAYA LINE, PT",2025-10-30 05:09:56.538996+00:00,TERSUS BAYAN RESOURCES TBK. (SINYIUR),AREA LABUH ZONA 3B
2058233,251901042426,"DANNY SAMUDERA RAYA LINE, PT",2025-10-30 05:09:56.538996+00:00,TERSUS PT. FAJAR SAKTI PRIMA (MUARA PAHU),AREA LABUH ZONA 3B
2058235,251901042426,"DANNY SAMUDERA RAYA LINE, PT",2025-10-30 05:09:56.538996+00:00,TERSUS PT. FAJAR SAKTI PRIMA (MUARA PAHU),AREA LABUH ZONA 3B
2058234,251901042426,"DANNY SAMUDERA RAYA LINE, PT",2025-10-30 05:09:56.538996+00:00,TERSUS PT. FAJAR SAKTI PRIMA (MUARA PAHU),AREA LABUH ZONA 3B
2058231,255701022030,PT. BATULICIN NUSANTARA MARITIM Tbk,2025-10-30 05:09:56.538996+00:00,STS BUNATI,TUKS PT. JHONLIN GROUP
2058230,253101001555,"ATOSIM LAMPUNG PELAYARAN, PT",2025-10-30 05:09:56.538996+00:00,PETIKEMAS DAN CRUISE,LAUT
2058229,251001005041,PT. PELAYARAN NASIONAL MITRATIRTA LOKALESTARI,2025-10-30 05:09:56.538996+00:00,REDE UMUM WIL JAMBI,TEGAS GUNA MANDIRI
2058228,255701022190,PT. BATULICIN NUSANTARA MARITIM Tbk,2025-10-30 05:09:56.538996+00:00,STS BUNATI,TUKS PT. JHONLIN GROUP
2058225,251401008014,"BUANA MURNI ANAUGI, PT",2025-10-30 05:09:56.538996+00:00,LAUT(KENDARI),NUSANTARA
2058218,254001006629,SANDICO OCEAN LINE.,2025-10-30 05:09:56.538996+00:00,LAUT,PT. PACIFIC GRANITAMA DERMAGA 1
2058176,253701006817,"SOLID PELAYARAN INDONESIA, PT",2025-10-30 05:09:56.538996+00:00,LAUT KIJANG,TUKS PT. BINTAN ALUMINA INDONESIA
2058175,254001006634,SANDICO OCEAN LINE.,2025-10-30 05:09:56.538996+00:00,LAUT,PT. PACIFIC GRANITAMA DERMAGA 1
2058251,251901042410,"DANNY SAMUDERA RAYA LINE, PT",2025-10-30 05:09:56.538996+00:00,TERSUS PT. FAJAR SAKTI PRIMA (MUARA PAHU),AREA LABUH ZONA 3B
2058253,251901042410,"DANNY SAMUDERA RAYA LINE, PT",2025-10-30 05:09:56.538996+00:00,TERSUS PT. FAJAR SAKTI PRIMA (MUARA PAHU),AREA LABUH ZONA 3B
2058252,251901042410,"DANNY SAMUDERA RAYA LINE, PT",2025-10-30 05:09:56.538996+00:00,TERSUS PT. FAJAR SAKTI PRIMA (MUARA PAHU),AREA LABUH ZONA 3B
2058246,251901041987,"DANNY SAMUDERA RAYA LINE, PT",2025-10-30 05:09:56.538996+00:00,TERSUS PT. FAJAR SAKTI PRIMA (MUARA PAHU),AREA LABUH ZONA 3B
2058248,251901041987,"DANNY SAMUDERA RAYA LINE, PT",2025-10-30 05:09:56.538996+00:00,TERSUS PT. FAJAR SAKTI PRIMA (MUARA PAHU),AREA LABUH ZONA 3B
2058247,251901041987,"DANNY SAMUDERA RAYA LINE, PT",2025-10-30 05:09:56.538996+00:00,TERSUS PT. FAJAR SAKTI PRIMA (MUARA PAHU),AREA LABUH ZONA 3B
2058242,251901042423,"DANNY SAMUDERA RAYA LINE, PT",2025-10-30 05:09:56.538996+00:00,TERSUS PT. FAJAR SAKTI PRIMA (MUARA PAHU),AREA LABUH ZONA 3B
2058244,251901042423,"DANNY SAMUDERA RAYA LINE, PT",2025-10-30 05:09:56.538996+00:00,TERSUS PT. FAJAR SAKTI PRIMA (MUARA PAHU),AREA LABUH ZONA 3B
2058243,251901042423,"DANNY SAMUDERA RAYA LINE, PT",2025-10-30 05:09:56.538996+00:00,TERSUS PT. FAJAR SAKTI PRIMA (MUARA PAHU),AREA LABUH ZONA 3B
2058238,251901043139,"DANNY SAMUDERA RAYA LINE, PT",2025-10-30 05:09:56.538996+00:00,TERSUS PT. FAJAR SAKTI PRIMA (MUARA PAHU),AREA LABUH ZONA 3B
2058240,251901043139,"DANNY SAMUDERA RAYA LINE, PT",2025-10-30 05:09:56.538996+00:00,TERSUS PT. FAJAR SAKTI PRIMA (MUARA PAHU),AREA LABUH ZONA 3B
2058239,251901043139,"DANNY SAMUDERA RAYA LINE, PT",2025-10-30 05:09:56.538996+00:00,TERSUS PT. FAJAR SAKTI PRIMA (MUARA PAHU),AREA LABUH ZONA 3B
2058214,258501002564,"BONSANG SAMUDERA SEJAHTERA, PT",2025-10-30 05:09:56.538996+00:00,AREA LABUH ZONA 2 TANJUNG LAUT,TERSUS PT. INDOMINCO MANDIRI DERMAGA III
2058207,251901043948,PT. ERSIHAN SATYAPRATAMA,2025-10-30 05:09:56.538996+00:00,AREA LABUH ZONA 3A,AREA LABUH ZONA 3B
2058209,251901043948,PT. ERSIHAN SATYAPRATAMA,2025-10-30 05:09:56.538996+00:00,AREA LABUH ZONA 3A,AREA LABUH ZONA 3B
2058208,251901043948,PT. ERSIHAN SATYAPRATAMA,2025-10-30 05:09:56.538996+00:00,AREA LABUH ZONA 3A,AREA LABUH ZONA 3B
2058205,250101002327,PT. SALAM PACIFIC INDONESIA LINES,2025-10-30 05:09:56.538996+00:00,PT. PERTAMINA MARINE REGION III JAKARTA - KADE PMB I,Area Labuh ZONA A KAPAL-KAPAL TANKER KECIL
2058204,254001006617,PT. CKP SHIPPING LINES,2025-10-30 05:09:56.538996+00:00,TAMBATAN PINGGIRAN MERAL,PT. MIRASINDO PERDANA DERMAGA 1
2058201,251001005136,PT. BANDAR GUNTARA LINES,2025-10-30 05:09:56.538996+00:00,REDE TELUK MAJELIS WIL MUARA SABAK,LAUT MUARASABAK
2058198,250101012755,BINTANG BIRU INDAH,2025-10-30 05:09:56.538996+00:00,KALIBARU - NPCT1,LAUT
2058191,251901042643,"DANNY SAMUDERA RAYA LINE, PT",2025-10-30 05:09:56.538996+00:00,AREA LABUH ZONA 3A,AREA LABUH ZONA 8
2058195,251901042643,"DANNY SAMUDERA RAYA LINE, PT",2025-10-30 05:09:56.538996+00:00,AREA LABUH ZONA 3A,AREA LABUH ZONA 8
2058194,251901042643,"DANNY SAMUDERA RAYA LINE, PT",2025-10-30 05:09:56.538996+00:00,AREA LABUH ZONA 3A,AREA LABUH ZONA 8
2058193,251901042643,"DANNY SAMUDERA RAYA LINE, PT",2025-10-30 05:09:56.538996+00:00,AREA LABUH ZONA 3A,AREA LABUH ZONA 8
2058192,251901042643,"DANNY SAMUDERA RAYA LINE, PT",2025-10-30 05:09:56.538996+00:00,AREA LABUH ZONA 3A,AREA LABUH ZONA 8
2058186,251901043471,"DANNY SAMUDERA RAYA LINE, PT",2025-10-30 05:09:56.538996+00:00,AREA LABUH ZONA 3A,AREA LABUH ZONA 5
2058189,251901043471,"DANNY SAMUDERA RAYA LINE, PT",2025-10-30 05:09:56.538996+00:00,AREA LABUH ZONA 3A,AREA LABUH ZONA 5
2058188,251901043471,"DANNY SAMUDERA RAYA LINE, PT",2025-10-30 05:09:56.538996+00:00,AREA LABUH ZONA 3A,AREA LABUH ZONA 5
2058187,251901043471,"DANNY SAMUDERA RAYA LINE, PT",2025-10-30 05:09:56.538996+00:00,AREA LABUH ZONA 3A,AREA LABUH ZONA 5
2058180,251901043458,"DANNY SAMUDERA RAYA LINE, PT",2025-10-30 05:09:56.538996+00:00,AREA LABUH ZONA 3A,AREA LABUH ZONA 8
2058184,251901043458,"DANNY SAMUDERA RAYA LINE, PT",2025-10-30 05:09:56.538996+00:00,AREA LABUH ZONA 3A,AREA LABUH ZONA 8
2058183,251901043458,"DANNY SAMUDERA RAYA LINE, PT",2025-10-30 05:09:56.538996+00:00,AREA LABUH ZONA 3A,AREA LABUH ZONA 8
2058182,251901043458,"DANNY SAMUDERA RAYA LINE, PT",2025-10-30 05:09:56.538996+00:00,AREA LABUH ZONA 3A,AREA LABUH ZONA 8
2058181,251901043458,"DANNY SAMUDERA RAYA LINE, PT",2025-10-30 05:09:56.538996+00:00,AREA LABUH ZONA 3A,AREA LABUH ZONA 8
2058157,250401002770,PT. BUKIT MERAPIN NUSANTARA LINES,2025-10-30 05:09:56.538996+00:00,TERMINAL PENUMPANG 01,LAUT
2058156,252101005525,"MERDEKA BAHARI KALTARA, PT",2025-10-30 05:09:56.538996+00:00,MALUNDUNG,REDE TARAKAN
2058172,251901042869,"PRIMA MULIA JAYA, PT",2025-10-30 05:09:56.538996+00:00,TERSUS GUNUNG BARA UTAMA,AREA LABUH ZONA 3B
2058171,251901042869,"PRIMA MULIA JAYA, PT",2025-10-30 05:09:56.538996+00:00,TERSUS GUNUNG BARA UTAMA,AREA LABUH ZONA 3B
2058163,251901043144,"DANNY SAMUDERA RAYA LINE, PT",2025-10-30 05:09:56.538996+00:00,AREA LABUH ZONA 3A,AREA LABUH ZONA 8
2058167,251901043144,"DANNY SAMUDERA RAYA LINE, PT",2025-10-30 05:09:56.538996+00:00,AREA LABUH ZONA 3A,AREA LABUH ZONA 8
2058166,251901043144,"DANNY SAMUDERA RAYA LINE, PT",2025-10-30 05:09:56.538996+00:00,AREA LABUH ZONA 3A,AREA LABUH ZONA 8
2058165,251901043144,"DANNY SAMUDERA RAYA LINE, PT",2025-10-30 05:09:56.538996+00:00,AREA LABUH ZONA 3A,AREA LABUH ZONA 8
2058164,251901043144,"DANNY SAMUDERA RAYA LINE, PT",2025-10-30 05:09:56.538996+00:00,AREA LABUH ZONA 3A,AREA LABUH ZONA 8
2058161,251901043802,"PRIMA MULIA JAYA, PT",2025-10-30 05:09:56.538996+00:00,AREA LABUH PERAIRAN STS (SHIP TO SHIP TRANSFER) MUARA BERAU,AREA LABUH ZONA 3A
2058135,251901043133,"DANNY SAMUDERA RAYA LINE, PT",2025-10-30 05:09:56.538996+00:00,AREA LABUH ZONA 3A,AREA LABUH ZONA 8
2058159,251901043133,"DANNY SAMUDERA RAYA LINE, PT",2025-10-30 05:09:56.538996+00:00,AREA LABUH ZONA 3A,AREA LABUH ZONA 8
2058158,251901043133,"DANNY SAMUDERA RAYA LINE, PT",2025-10-30 05:09:56.538996+00:00,AREA LABUH ZONA 3A,AREA LABUH ZONA 8
2058137,251901043133,"DANNY SAMUDERA RAYA LINE, PT",2025-10-30 05:09:56.538996+00:00,AREA LABUH ZONA 3A,AREA LABUH ZONA 8
2058136,251901043133,"DANNY SAMUDERA RAYA LINE, PT",2025-10-30 05:09:56.538996+00:00,AREA LABUH ZONA 3A,AREA LABUH ZONA 8
2058130,251901043975,"DANNY SAMUDERA RAYA LINE, PT",2025-10-30 05:09:56.538996+00:00,AREA LABUH ZONA 3A,AREA LABUH ZONA 5
2058133,251901043975,"DANNY SAMUDERA RAYA LINE, PT",2025-10-30 05:09:56.538996+00:00,AREA LABUH ZONA 3A,AREA LABUH ZONA 5
2058132,251901043975,"DANNY SAMUDERA RAYA LINE, PT",2025-10-30 05:09:56.538996+00:00,AREA LABUH ZONA 3A,AREA LABUH ZONA 5
2058131,251901043975,"DANNY SAMUDERA RAYA LINE, PT",2025-10-30 05:09:56.538996+00:00,AREA LABUH ZONA 3A,AREA LABUH ZONA 5
2058125,251901043276,"DANNY SAMUDERA RAYA LINE, PT",2025-10-30 05:09:56.538996+00:00,AREA LABUH ZONA 3A,AREA LABUH ZONA 5
2058128,251901043276,"DANNY SAMUDERA RAYA LINE, PT",2025-10-30 05:09:56.538996+00:00,AREA LABUH ZONA 3A,AREA LABUH ZONA 5
2058127,251901043276,"DANNY SAMUDERA RAYA LINE, PT",2025-10-30 05:09:56.538996+00:00,AREA LABUH ZONA 3A,AREA LABUH ZONA 5
2058126,251901043276,"DANNY SAMUDERA RAYA LINE, PT",2025-10-30 05:09:56.538996+00:00,AREA LABUH ZONA 3A,AREA LABUH ZONA 5
2058122,251901043376,"PERUSAHAAN PELAYARAN NASIONAL SINAR PASIFIC, PT",2025-10-30 05:09:56.538996+00:00,LAUT,TUKS SARANA ABADI LESTARI
2058121,253501003434,"PELAYARAN NASIONAL INDONESIA, PT KANTOR PUSAT",2025-10-30 05:09:56.538996+00:00,LAUT,AREA LABUH KAPAL PENUMPANG
2058120,252501033332,"BARITO SAMUDRA SEJAHTERA, PT",2025-10-30 05:09:56.538996+00:00,AMBANG LUAR,LAUT
2058146,251901044050,"NUGRAHA SAMUDERA SEJAHTERA, PT",2025-10-30 05:09:56.538996+00:00,TUKS SEGARA HERO SAKTI,AREA LABUH ZONA 2
2058149,251901044050,"NUGRAHA SAMUDERA SEJAHTERA, PT",2025-10-30 05:09:56.538996+00:00,TUKS SEGARA HERO SAKTI,AREA LABUH ZONA 2
2058148,251901044050,"NUGRAHA SAMUDERA SEJAHTERA, PT",2025-10-30 05:09:56.538996+00:00,TUKS SEGARA HERO SAKTI,AREA LABUH ZONA 2
2058147,251901044050,"NUGRAHA SAMUDERA SEJAHTERA, PT",2025-10-30 05:09:56.538996+00:00,TUKS SEGARA HERO SAKTI,AREA LABUH ZONA 2
2058141,251901043472,"DANNY SAMUDERA RAYA LINE, PT",2025-10-30 05:09:56.538996+00:00,AREA LABUH ZONA 3A,AREA LABUH ZONA 5
2058144,251901043472,"DANNY SAMUDERA RAYA LINE, PT",2025-10-30 05:09:56.538996+00:00,AREA LABUH ZONA 3A,AREA LABUH ZONA 5
2058143,251901043472,"DANNY SAMUDERA RAYA LINE, PT",2025-10-30 05:09:56.538996+00:00,AREA LABUH ZONA 3A,AREA LABUH ZONA 5
2058142,251901043472,"DANNY SAMUDERA RAYA LINE, PT",2025-10-30 05:09:56.538996+00:00,AREA LABUH ZONA 3A,AREA LABUH ZONA 5
2058140,255801018841,"PERTAMINA TRANS KONTINENTAL, PT JAKARTA",2025-10-30 05:09:56.538996+00:00,LABUH REDE,LAUT
2058138,252501033662,"TRANS POWER MARINE TBK, PT",2025-10-30 05:09:56.538996+00:00,LAUT,REDE TRISAKTI
2058117,251301017886,"VARIA USAHA LINTAS SEGARA, PT",2025-10-30 05:09:56.538996+00:00,AREA REDE DALAM,LAUT (GRESIK)
2058116,251201002960,PT. NUSA LAUT INDONESIA,2025-10-30 05:09:56.538996+00:00,LAUT,TUKS PT. LESTARI BANTEN ENERGI
2058115,252501033434,"BARITO SAMUDRA SEJAHTERA, PT",2025-10-30 05:09:56.538996+00:00,AMBANG LUAR,LAUT
2058114,252101005591,PERTAMINA TRANS KONTINENTAL,2025-10-30 05:09:56.538996+00:00,LAUT TARAKAN,REDE TARAKAN
2058113,255801018840,"PERTAMINA TRANS KONTINENTAL, PT JAKARTA",2025-10-30 05:09:56.538996+00:00,LABUH REDE,LAUT
2058111,257601018281,"BAHARI TIRTA JAYA, PT",2025-10-30 05:09:56.538996+00:00,TERSUS PT KIDECO JAYA AGUNG ALIH MUAT,AREA LABUH PERAIRAN PASIR MAYANG
2058110,254801000369,PERTAMINA TRANS KONTINENTAL,2025-10-30 05:09:56.538996+00:00,LAUT MALAHAYATI,CBM/TUKS PT. PERTAMINA PATRA NIAGA FUEL TERMINAL KRUENG RAYA
2058109,252501025983,"VIRGO SAMUDERA JAYA, PT",2025-10-30 05:09:56.538996+00:00,AMBANG LUAR,LAUT
2058118,255701022299,"PELAYARAN LAKSITA ADITYA PARAMA, PT",2025-10-30 05:09:56.538996+00:00,DERMAGA BORNEO INDOBARA,STS BUNATI
2058096,251301017801,"OREMUS BAHARI MANDIRI, PT",2025-10-30 05:09:56.538996+00:00,DERMAGA UMUM IBL SISI LUAR,LAUT (GRESIK)
2058094,257601018233,"BAHARI TIRTA JAYA, PT",2025-10-30 05:09:56.538996+00:00,TERSUS PT KIDECO JAYA AGUNG ALIH MUAT,AREA LABUH PERAIRAN PASIR MAYANG
2058091,255701022285,PT. PELAYARAN KARTIKASAMUDRA ADIJAYA,2025-10-30 05:09:56.538996+00:00,STS BUNATI,DERMAGA BORNEO INDOBARA
2058089,250101012662,PT PELAYARAN DALAM NEGERI BUNGANUSA MAHAKAM,2025-10-30 05:09:56.538996+00:00,OPERASI TERMINAL I - INGGOM I BEACHING,Area Labuh ZONA E AREA LABUH KAPAL GENERAL CARGO LOA S/D 140 M
2058087,257601018203,"BAHARI TIRTA JAYA, PT",2025-10-30 05:09:56.538996+00:00,TERSUS PT KIDECO JAYA AGUNG ALIH MUAT,AREA LABUH PERAIRAN PASIR MAYANG
2058086,255801019143,"PERTAMINA TRANS KONTINENTAL, PT JAKARTA",2025-10-30 05:09:56.538996+00:00,LAUT,LABUH REDE
2058085,251301016952,ARMADA ANAK LAUT,2025-10-30 05:09:56.538996+00:00,AREA REDE DALAM,LAUT (GRESIK)
2058084,251301018068,PT. TOMS DENTA SAMUDERA ,2025-10-30 05:09:56.538996+00:00,AREA REDE DALAM,DERMAGA NUSANDARA (265)
2058083,252501033686,"TERA LOGISTIC INDONESIA, PT",2025-10-30 05:09:56.538996+00:00,LAUT,REDE TRISAKTI
2058081,252001005693,PT. PERTAMINA TRANS KONTINENTAL,2025-10-30 05:09:56.538996+00:00,CHEVRON 3,LAUT
2058080,252001005693,PT. PERTAMINA TRANS KONTINENTAL,2025-10-30 05:09:56.538996+00:00,CHEVRON 3,LAUT
2058106,255701022294,PT. PELAYARAN KARTIKASAMUDRA ADIJAYA,2025-10-30 05:09:56.538996+00:00,STS BUNATI,DERMAGA BORNEO INDOBARA
2058104,255701022199,"PELAYARAN LAKSITA ADITYA PARAMA, PT",2025-10-30 05:09:56.538996+00:00,DERMAGA BORNEO INDOBARA,STS BUNATI
2058101,252601000697,"SOLUSI BANGUN INDONESIA TBK, PT",2025-10-30 05:09:56.538996+00:00,PT. SBI - DERMAGA I TG.SODONG,PT. SBI - DERMAGA II KARANGTALUN
2058100,257601018191,"BAHARI TIRTA JAYA, PT",2025-10-30 05:09:56.538996+00:00,TERSUS PT KIDECO JAYA AGUNG ALIH MUAT,AREA LABUH PERAIRAN PASIR MAYANG
2058077,251501010196,PT. REZKY MUSINDO ABADI,2025-10-30 05:09:56.538996+00:00,AREA LABUH ZONA - B,PT. PUPUK SRIWIDJAJA
2058072,251901042926,"PELAYARAN NIAGA BARU, PT",2025-10-30 05:09:56.538996+00:00,LAUT,AREA LABUH ZONA 7
2058076,251901042926,"PELAYARAN NIAGA BARU, PT",2025-10-30 05:09:56.538996+00:00,LAUT,AREA LABUH ZONA 7
2058075,251901042926,"PELAYARAN NIAGA BARU, PT",2025-10-30 05:09:56.538996+00:00,LAUT,AREA LABUH ZONA 7
2058074,251901042926,"PELAYARAN NIAGA BARU, PT",2025-10-30 05:09:56.538996+00:00,LAUT,AREA LABUH ZONA 7
2058073,251901042926,"PELAYARAN NIAGA BARU, PT",2025-10-30 05:09:56.538996+00:00,LAUT,AREA LABUH ZONA 7
2058068,251901042576,"SUMBER ANUGRAH SHIPPING, PT",2025-10-30 05:09:56.538996+00:00,AREA LABUH ZONA 3B,LAUT
2058070,251901042576,"SUMBER ANUGRAH SHIPPING, PT",2025-10-30 05:09:56.538996+00:00,AREA LABUH ZONA 3B,LAUT
2058069,251901042576,"SUMBER ANUGRAH SHIPPING, PT",2025-10-30 05:09:56.538996+00:00,AREA LABUH ZONA 3B,LAUT
2058066,255901009308,"DIAN CIPTAMAS AGUNG, PT",2025-10-30 05:09:56.538996+00:00,Area Labuh Umum,JETTY PT. Berau Bara Abadi
2058065,257401002079,"SEROJA JAYA AGENSI, PT",2025-10-30 05:09:56.538996+00:00,REDE KUMAI,TUKS PT SINAR ALAM PERMAI
2058064,253001000508,MARO INTI LINE,2025-10-30 05:09:56.538996+00:00,AREA LABUH - GUDANG ARANG,REDE
2058061,259201001092,RIFAL SAMUDERA SHIPPING,2025-10-30 05:09:56.538996+00:00,LAUT,TERSUS Dermaga IPS 4
2058055,255901009099,"BUNGANUSA MAHAKAM, PT BERAU",2025-10-30 05:09:56.538996+00:00,JETTY PT. Dharma Satya Nusantara,LAUT
2058053,251401008017,PELAYARAN NASIONAL INDONESIA,2025-10-30 05:09:56.538996+00:00,LAUT(BAU BAU),DERMAGA I
2058051,252501033563,"FAJAR BAHARI NUSANTARA, PT",2025-10-30 05:09:56.538996+00:00,LAUT,KADE TRISAKTI
2058052,252501033563,"FAJAR BAHARI NUSANTARA, PT",2025-10-30 05:09:56.538996+00:00,LAUT,KADE TRISAKTI
2058048,255101004052,"RIAUANDALAS JASADERMAGA, PT",2025-10-30 05:09:56.538996+00:00,LAUT,RAPP Penyengat Futong Dermaga III
2058040,252601000696,"SOLUSI BANGUN INDONESIA TBK, PT",2025-10-30 05:09:56.538996+00:00,PT. SBI - DERMAGA II KARANGTALUN,PT. SBI - DERMAGA I TG.SODONG
2058039,251001005199,PT. CAHAYA ARSIPELAGO INDONESIA,2025-10-30 05:09:56.538996+00:00,PT. MUSIM MAS,REDE UMUM WIL JAMBI
2058017,252501031887,"MITRA BAHARI SENTOSA, PT",2025-10-30 05:09:56.538996+00:00,LAUT,REDE TRISAKTI
2058037,251301017662,"ANUGERAH PRIMA SAMUDERA, PT",2025-10-30 05:09:56.538996+00:00,DERMAGA PT. WILMAR NABATI,AREA REDE DALAM
2058034,251401007778,PT. MITRA SAMUDERA SUKSES,2025-10-30 05:09:56.538996+00:00,TERSUS PT PALU BARUGA YAKU,LAUT(KOLONODALE)
2058033,255801018894,"PERTAMINA TRANS KONTINENTAL, PT JAKARTA",2025-10-30 05:09:56.538996+00:00,LABUH OUTER BOOY,LABUH STS (K)
2058030,251901041874,"NUGRAHA SAMUDERA SEJAHTERA, PT",2025-10-30 05:09:56.538996+00:00,AREA LABUH ZONA 3B,AREA LABUH ZONA 2
2058032,251901041874,"NUGRAHA SAMUDERA SEJAHTERA, PT",2025-10-30 05:09:56.538996+00:00,AREA LABUH ZONA 3B,AREA LABUH ZONA 2
2058031,251901041874,"NUGRAHA SAMUDERA SEJAHTERA, PT",2025-10-30 05:09:56.538996+00:00,AREA LABUH ZONA 3B,AREA LABUH ZONA 2
2058027,251901041984,"NUGRAHA SAMUDERA SEJAHTERA, PT",2025-10-30 05:09:56.538996+00:00,AREA LABUH ZONA 3B,AREA LABUH ZONA 2
2058029,251901041984,"NUGRAHA SAMUDERA SEJAHTERA, PT",2025-10-30 05:09:56.538996+00:00,AREA LABUH ZONA 3B,AREA LABUH ZONA 2
2058028,251901041984,"NUGRAHA SAMUDERA SEJAHTERA, PT",2025-10-30 05:09:56.538996+00:00,AREA LABUH ZONA 3B,AREA LABUH ZONA 2
2058026,253201001639,"DHARMA LAUTAN UTAMA, PT",2025-10-30 05:09:56.538996+00:00,DERMAGA NUSANTARA,LAUT
2058023,251501009954,PT SAMUDERA PERDANA SELARAS,2025-10-30 05:09:56.538996+00:00,PT. PUPUK SRIWIDJAJA,PT. PUPUK SRIWIDJAJA
2058022,251101001260,PT. SARANA SUKSES MARITIM,2025-10-30 05:09:56.538996+00:00,DERMAGA CURAH KERING 02,LABUH
2058020,251301018200,PT SEROJA JAYA AGENSI,2025-10-30 05:09:56.538996+00:00,LAUT (GRESIK),AREA REDE DALAM
2058019,251301018199,PT SEROJA JAYA AGENSI,2025-10-30 05:09:56.538996+00:00,LAUT (GRESIK),AREA REDE DALAM
2058018,250101012057,PT PELAYARAN MEKARSEJATI KHARISMA,2025-10-30 05:09:56.538996+00:00,GAL KUDA LAUT,LAUT
2057993,251901043644,PT. PELAYARAN DUTA LINTAS SAMUDERA,2025-10-30 05:09:56.538996+00:00,TERSUS GUNUNG BARA UTAMA,AREA LABUH ZONA 2
2057997,251901043644,PT. PELAYARAN DUTA LINTAS SAMUDERA,2025-10-30 05:09:56.538996+00:00,TERSUS GUNUNG BARA UTAMA,AREA LABUH ZONA 2
2057996,251901043644,PT. PELAYARAN DUTA LINTAS SAMUDERA,2025-10-30 05:09:56.538996+00:00,TERSUS GUNUNG BARA UTAMA,AREA LABUH ZONA 2
2057995,251901043644,PT. PELAYARAN DUTA LINTAS SAMUDERA,2025-10-30 05:09:56.538996+00:00,TERSUS GUNUNG BARA UTAMA,AREA LABUH ZONA 2
2057994,251901043644,PT. PELAYARAN DUTA LINTAS SAMUDERA,2025-10-30 05:09:56.538996+00:00,TERSUS GUNUNG BARA UTAMA,AREA LABUH ZONA 2
2058010,251401007882,PT SARANA SINAR NUSANTARA,2025-10-30 05:09:56.538996+00:00,TERSUS PT. SUMBER PERMATA SELARAS,LAUT(KOLONODALE)
2058008,255801019142,"SPARTA SAMUDERA SEMESTA, PT",2025-10-30 05:09:56.538996+00:00,LAUT,PT. PELINDO KP. BARU
2058004,252501033680,"DHARMA LAUTAN UTAMA, PT",2025-10-30 05:09:56.538996+00:00,LAUT,KADE TRISAKTI
2058005,252501033680,"DHARMA LAUTAN UTAMA, PT",2025-10-30 05:09:56.538996+00:00,LAUT,KADE TRISAKTI
2058003,252101005573,"SURYA BAHAU MANDIRI, PT",2025-10-30 05:09:56.538996+00:00,LAUT TARAKAN,IDEC ABADI WOOD INDUSTRIES
2058000,257001003733,"PERTAMINA TRANS KONTINENTAL, TUAL	",2025-10-30 05:09:56.538996+00:00,LAUT (TUAL),DERMAGA PERTAMINA TUAL
2057999,255701022299,"PELAYARAN LAKSITA ADITYA PARAMA, PT",2025-10-30 05:09:56.538996+00:00,STS BUNATI,DERMAGA BORNEO INDOBARA
2057977,254801000367,PERTAMINA TRANS KONTINENTAL,2025-10-30 05:09:56.538996+00:00,CBM/TUKS PT. PERTAMINA PATRA NIAGA FUEL TERMINAL KRUENG RAYA,LAUT MALAHAYATI
2057975,250501006431,PT. SAMUDERA TIGA SAUDARA,2025-10-30 05:09:56.538996+00:00,Area labuh (Zona D) Untuk Kapal Container dan General Cargo LOA  100 Meter,TUKS PT. SENTANA ADIDAYA PERTAMA
2057974,255801018778,IDT TRANS AGENCY.PT,2025-10-30 05:09:56.538996+00:00,LABUH REDE ZONA 2,LAUT
2057990,252101005389,"SINAR DAMAI NUSANTARA, PT",2025-10-30 05:09:56.538996+00:00,INTRACAWOOD MANUFACTURING,LAUT TARAKAN
2057987,251901043910,PT. PELAYARAN DUTA LINTAS SAMUDERA,2025-10-30 05:09:56.538996+00:00,AREA LABUH PERAIRAN STS (SHIP TO SHIP TRANSFER) MUARA BERAU,AREA LABUH ZONA 3B
2057989,251901043910,PT. PELAYARAN DUTA LINTAS SAMUDERA,2025-10-30 05:09:56.538996+00:00,AREA LABUH PERAIRAN STS (SHIP TO SHIP TRANSFER) MUARA BERAU,AREA LABUH ZONA 3B
2057988,251901043910,PT. PELAYARAN DUTA LINTAS SAMUDERA,2025-10-30 05:09:56.538996+00:00,AREA LABUH PERAIRAN STS (SHIP TO SHIP TRANSFER) MUARA BERAU,AREA LABUH ZONA 3B
2057983,255701022199,"PELAYARAN LAKSITA ADITYA PARAMA, PT",2025-10-30 05:09:56.538996+00:00,STS BUNATI,DERMAGA BORNEO INDOBARA
2057981,252501033586,"BARITO GAS UTAMA, PT",2025-10-30 05:09:56.538996+00:00,REDE TRISAKTI,TERSUS PT. AGRABUDIGASUTAMA
2057978,251301018071,PT SEROJA JAYA AGENSI,2025-10-30 05:09:56.538996+00:00,AREA REDE DALAM,DERMAGA PT. WILMAR NABATI
2057957,255801017733,"PERTAMINA TRANS KONTINENTAL, PT JAKARTA",2025-10-30 05:09:56.538996+00:00,LABUH OUTER BOOY,LABUH STS (K)
2057956,255801018748,PT. GEMA SOERYA SAMODRA,2025-10-30 05:09:56.538996+00:00,LABUH STS (S),LAUT
2057954,250101012654,SINERGI ARMADA MARITIM,2025-10-30 05:09:56.538996+00:00,OPERASI TERMINAL I - INGGOM I BEACHING,OPERASI TERMINAL I - INGGOM II
2057951,255801019035,"TEMAS SHIPPING, PT",2025-10-30 05:09:56.538996+00:00,PT. PELINDO TERMINAL PETI KEMAS KARIANGAU,LABUH REDE ZONA 3
2057950,250101012806,PT PELAYARAN NASIONAL INDONESIA,2025-10-30 05:09:56.538996+00:00,LAUT,TERMINAL PENUMPANG - KADE TP/106
2057969,251901043742,"KARYA BINTANG TIMUR, PT",2025-10-30 05:09:56.538996+00:00,TUKS PT. OORJA INDO KGS,AREA LABUH ZONA 2
2057971,251901043742,"KARYA BINTANG TIMUR, PT",2025-10-30 05:09:56.538996+00:00,TUKS PT. OORJA INDO KGS,AREA LABUH ZONA 2
2057970,251901043742,"KARYA BINTANG TIMUR, PT",2025-10-30 05:09:56.538996+00:00,TUKS PT. OORJA INDO KGS,AREA LABUH ZONA 2
2057967,259201001089,BERKAH PESISIR JAYA,2025-10-30 05:09:56.538996+00:00,LAUT,TERSUS Dermaga IPS 3
2057966,255701022433,"PELAYARAN NASIONAL INDONESIA (PERSERO), PT",2025-10-30 05:09:56.538996+00:00,REDE KOTABARU,STAGEN JETTY 3
2057965,255801019139,"SINAR PASIFIC, PT",2025-10-30 05:09:56.538996+00:00,LAUT,TUKS PT. DERMAGA PERKASA PRATAMA
2057963,252501033682,"TERA LOGISTIC INDONESIA, PT",2025-10-30 05:09:56.538996+00:00,LAUT,REDE TRISAKTI
2057962,252501033679,"TERA LOGISTIC INDONESIA, PT",2025-10-30 05:09:56.538996+00:00,LAUT,REDE TRISAKTI
2057959,252501033677,"TERA LOGISTIC INDONESIA, PT",2025-10-30 05:09:56.538996+00:00,LAUT,REDE TRISAKTI
2057958,251801004709,"PHINISI ARNAV BERJAYA, PT",2025-10-30 05:09:56.538996+00:00,LAUT,SOEKARNO - MULTI PURPOSE II INTERNASIONAL
2057936,252501033673,"TERA LOGISTIC INDONESIA, PT",2025-10-30 05:09:56.538996+00:00,LAUT,REDE TRISAKTI
2057935,252501033280,"ANUGERAH MAHADAYA NUSANTARA, PT",2025-10-30 05:09:56.538996+00:00,AMBANG LUAR,LAUT
2057933,252501033271,"ANUGERAH MAHADAYA NUSANTARA, PT",2025-10-30 05:09:56.538996+00:00,AMBANG LUAR,LAUT
2057932,252501033638,MEGA BAHTERA KENCANA PT,2025-10-30 05:09:56.538996+00:00,,
2057929,252101005601,"J n Y TRANSHIPMENT, PT",2025-10-30 05:09:56.538996+00:00,LAUT TARAKAN,REDE TARAKAN
2057947,253001000519,"PELAYARAN NASIONAL INDONESIA, PT",2025-10-30 05:09:56.538996+00:00,REDE,LAUT
2057946,252701002347,PT PELAYARAN TAJRI SAMUDERA,2025-10-30 05:09:56.538996+00:00,,
2057945,252501033675,"TERA LOGISTIC INDONESIA, PT",2025-10-30 05:09:56.538996+00:00,LAUT,REDE TRISAKTI
2057944,251401007849,"PELAYARAN NASIONAL INDONESIA, PT KANTOR PUSAT",2025-10-30 05:09:56.538996+00:00,TERMINAL BUNGKUTOKO,LAUT(KENDARI)
2057940,255101004049,"RIAUANDALAS JASADERMAGA, PT",2025-10-30 05:09:56.538996+00:00,LAUT,RAPP Penyengat Futong Dermaga I
2057938,254401000481,"ASDP INDONESIA FERRY, PT KANTOR PUSAT",2025-10-30 05:09:56.538996+00:00,LAUT,TERMINAL UMUM - MULTIPURPOSE DERMAGA 1
2057915,250101012790,PT.PUSAKA JAYA MARITIM,2025-10-30 05:09:56.538996+00:00,Area Labuh ZONA C AREA LABUH KAPAL GENERAL CARGO LOA > 140 M,OPERASI TERMINAL II - KADE 115 (DSB)
2057914,252501033388,"TEMAS SHIPPING, PT",2025-10-30 05:09:56.538996+00:00,REDE TRISAKTI,TPKB CC1
2057912,252501033665,"VIRGO SAMUDERA JAYA, PT",2025-10-30 05:09:56.538996+00:00,LAUT,REDE TRISAKTI
2057911,256701002815,"CINTAMI LIONEL PERKASA, PT",2025-10-30 05:09:56.538996+00:00,IKD - DERMAGA IV,DERMAGA VIII - TPB
2057928,252501033670,"BARITO SAMUDRA SEJAHTERA, PT",2025-10-30 05:09:56.538996+00:00,REDE TRISAKTI,REDE TRISAKTI
2057926,252901002078,"TEMAS SHIPPING, PT",2025-10-30 05:09:56.538996+00:00,LAUT,DERMAGA MULTIGUNA TENAU KUPANG
2057925,252501033683,"GLOBAL TRANS ENERGY INTERNASIONAL, PT",2025-10-30 05:09:56.538996+00:00,LAUT,REDE TRISAKTI
2057923,252501033667,"BARITO SAMUDRA SEJAHTERA, PT",2025-10-30 05:09:56.538996+00:00,LAUT,REDE TRISAKTI
2057922,250101012687,PT. PERUSAHAAN PEL NUSANTARA TANTO INTIM LINE,2025-10-30 05:09:56.538996+00:00,Area Labuh ZONA D AREA LABUH KAPAL CONTAINER LOA S/D 140 M,OPERASI TERMINAL I - DERMAGA 004.PNP
2057921,257601018357,"BAHARI TIRTA JAYA, PT",2025-10-30 05:09:56.538996+00:00,AREA LABUH PERAIRAN PASIR MAYANG,TERSUS PT KIDECO JAYA AGUNG ALIH MUAT
2057918,255801019098,"PELAYARAN NASIONAL INDONESIA, PT",2025-10-30 05:09:56.538996+00:00,PT. PELINDO SEMAYANG,LAUT
2057876,258001000680,"FAJAR LINTASIRJA LINES, PT",2025-10-30 05:09:56.538996+00:00,LAUT,PELABUHAN BIAK
2057873,255801019097,PUTRA TRANSPORT KUDUS.PT,2025-10-30 05:09:56.538996+00:00,LAUT,TUKS PT. DERMAGA PERKASA PRATAMA
2057871,255701022096,PT. PRIMA SAMUDRA SAKTI,2025-10-30 05:09:56.538996+00:00,REDE TARJUN,LAUT
2057869,258501002569,PELAYARAN NASIONAL INDONESIA,2025-10-30 05:09:56.538996+00:00,LAUT,PELABUHAN UMUM LOK TUAN DERMAGA II
2057905,251201003001,PT. AMMAR JAYA SAMUDRA LANGSA,2025-10-30 05:09:56.538996+00:00,LAUT,TUKS PT. INDONESIA POWER 01
2057901,257601018363,"BAHARI TIRTA JAYA, PT",2025-10-30 05:09:56.538996+00:00,TERSUS PT KIDECO JAYA AGUNG DERMAGA II BATUBARA,AREA LABUH PERAIRAN PASIR MAYANG
2057899,251401007905,PT. MITRA SAMUDERA SUKSES,2025-10-30 05:09:56.538996+00:00,LAUT(KOLONODALE),TERSUS PT PALU BARUGA YAKU
2057897,255801019116,DAMAI LAUTAN NUSANTARA,2025-10-30 05:09:56.538996+00:00,LAUT,PT. PELINDO SEMAYANG
2057895,257601018362,"BAHARI TIRTA JAYA, PT",2025-10-30 05:09:56.538996+00:00,TERSUS PT KIDECO JAYA AGUNG DERMAGA II BATUBARA,AREA LABUH PERAIRAN PASIR MAYANG
2057894,253101001534,"RABER MITRA AGENCY, PT",2025-10-30 05:09:56.538996+00:00,CURAH KERING TIGA RODA I,LAUT
2057889,251901043847,"DIVEN MAJU SENTOSA, PT",2025-10-30 05:09:56.538996+00:00,LAUT,AREA LABUH ZONA 4
2057892,251901043847,"DIVEN MAJU SENTOSA, PT",2025-10-30 05:09:56.538996+00:00,LAUT,AREA LABUH ZONA 4
2057891,251901043847,"DIVEN MAJU SENTOSA, PT",2025-10-30 05:09:56.538996+00:00,LAUT,AREA LABUH ZONA 4
2057890,251901043847,"DIVEN MAJU SENTOSA, PT",2025-10-30 05:09:56.538996+00:00,LAUT,AREA LABUH ZONA 4
2057887,253001000508,MARO INTI LINE,2025-10-30 05:09:56.538996+00:00,JETTY PANCA PERMATA DERMAGA,AREA LABUH - GUDANG ARANG
2057886,255801018727,"BRM MARINE, PT",2025-10-30 05:09:56.538996+00:00,TUKS PT.BALIKPAPAN READY MIX PILE,LAUT
2057868,251701001577,PT. SEROJA JAYA AGENSI,2025-10-30 05:09:56.538996+00:00,DERMAGA BETON I,LAUT
2057867,252501033617,"MITRA BAHARI SENTOSA, PT",2025-10-30 05:09:56.538996+00:00,LAUT,REDE TRISAKTI
2057863,252501033671,PT Immanu Sukses Bersama,2025-10-30 05:09:56.538996+00:00,LAUT,REDE TRISAKTI
2057862,250101011622,PT SINAR MUTIARA BERSINERGI,2025-10-30 05:09:56.538996+00:00,TEPIAN SAMUDERA MANDIRI,LAUT
2057861,255801019135,"SINAR PASIFIC, PT",2025-10-30 05:09:56.538996+00:00,LAUT,TUKS PT. DERMAGA PERKASA PRATAMA
2057858,255801019131,"SINAR PASIFIC, PT",2025-10-30 05:09:56.538996+00:00,LAUT,TUKS PT. DERMAGA PERKASA PRATAMA
2057834,255801019127,"SINAR PASIFIC, PT",2025-10-30 05:09:56.538996+00:00,LAUT,TUKS PT. DERMAGA PERKASA PRATAMA
2057832,255801019123,"SINAR PASIFIC, PT",2025-10-30 05:09:56.538996+00:00,LAUT,LABUH STS (S)
2057830,255801019121,"SINAR PASIFIC, PT",2025-10-30 05:09:56.538996+00:00,LAUT,LABUH STS (S)
2057884,255801019141,"SINAR PASIFIC, PT",2025-10-30 05:09:56.538996+00:00,LAUT,LABUH STS (S)
2057881,253401000529,TNI ANGKATAN LAUT,2025-10-30 05:09:56.538996+00:00,,
2057856,255801019137,"SINAR PASIFIC, PT",2025-10-30 05:09:56.538996+00:00,LAUT,TUKS PT. DERMAGA PERKASA PRATAMA
2057854,255801019133,"SINAR PASIFIC, PT",2025-10-30 05:09:56.538996+00:00,LAUT,TUKS PT. DERMAGA PERKASA PRATAMA
2057852,255801019129,"SINAR PASIFIC, PT",2025-10-30 05:09:56.538996+00:00,LAUT,TUKS PT. DERMAGA PERKASA PRATAMA
2057850,255801019125,"SINAR PASIFIC, PT",2025-10-30 05:09:56.538996+00:00,LAUT,LABUH STS (S)
2057846,251901043249,"PELAYARAN MARINDO PACIFIC, PT",2025-10-30 05:09:56.538996+00:00,JETTY AMBARAWANG,LAUT KUALA SAMBOJA
2057844,255801019118,"SINAR PASIFIC, PT",2025-10-30 05:09:56.538996+00:00,LAUT,LABUH STS (S)
2057842,250301001346,PT ARGHANIAGA PANCATUNGGAL,2025-10-30 05:09:56.538996+00:00,PERTAMINA,AREA LABUH Kapal - kapal Tanker dan sejenisnya
2057841,250101012789,BINTANG BIRU INDAH,2025-10-30 05:09:56.538996+00:00,LAUT,KALIBARU - NPCT1
2057840,251201002955,PT. MITRA INDAH SAMUDERA LINES,2025-10-30 05:09:56.538996+00:00,LAUT,DERMAGA VII PELINDO BANTEN
2057815,255801019140,PT. INDO CONTAINER LINES,2025-10-30 05:09:56.538996+00:00,LAUT,LABUH REDE ZONA 3
2057812,252001005771,PT. TARUNA CIPTA KENCANA,2025-10-30 05:09:56.538996+00:00,DERMAGA C,LAUT
2057813,252001005771,PT. TARUNA CIPTA KENCANA,2025-10-30 05:09:56.538996+00:00,DERMAGA C,LAUT
2057810,251301018147,"DHARMA LAUTAN UTAMA, PT",2025-10-30 05:09:56.538996+00:00,JAMRUD UTARA,LAUT
2057809,251301018054,"SAMUDERA AGENCIES INDONESIA, PT",2025-10-30 05:09:56.538996+00:00,TPS/ICT OCEAN GOING,LAUT
2057804,256701002799,"CAHAYA ANAK KASISI, PT",2025-10-30 05:09:56.538996+00:00,AREA LABUH KAPAL TANGKER,"DERMAGA PT. AKR CORPORINDO, TBK"
2057803,251501009918,PT. GARUDA UNGGUL NASIONAL,2025-10-30 05:09:56.538996+00:00,AREA LABUH ZONA 1,AREA LABUH ZONA - F
2057827,251301018066,"SALAM PACIFIC INDONESIA LINES, PT",2025-10-30 05:09:56.538996+00:00,NILAM TIMUR,LAUT
2057826,254801000366,PT. BINTANG LAUT MEURAXA,2025-10-30 05:09:56.538996+00:00,JETTY 3/PELABUHAN UMUM JETTY 3,LAUT MALAHAYATI
2057825,255701022357,"PELAYARAN NASIONAL INDONESIA (PERSERO), PT",2025-10-30 05:09:56.538996+00:00,,
2057820,2510801000004,ALPHA TRANS LOGISTIC,2025-10-30 05:09:56.538996+00:00,,
2057795,257601018271,"BAHARI TIRTA JAYA, PT",2025-10-30 05:09:56.538996+00:00,AREA LABUH PERAIRAN PASIR MAYANG,TERSUS PT KIDECO JAYA AGUNG DERMAGA II BATUBARA
2057794,257601018257,"BAHARI TIRTA JAYA, PT",2025-10-30 05:09:56.538996+00:00,AREA LABUH PERAIRAN PASIR MAYANG,TERSUS PT KIDECO JAYA AGUNG DERMAGA II BATUBARA
2057792,254501002430,"AGRA MARISETIA LINES, PT",2025-10-30 05:09:56.538996+00:00,LAUT (TERNATE),A. YANI 1
2057789,251901043672,"NUSA SAMUDERA JAYA, PT",2025-10-30 05:09:56.538996+00:00,LAUT,AREA LABUH ZONA 3B
2057791,251901043672,"NUSA SAMUDERA JAYA, PT",2025-10-30 05:09:56.538996+00:00,LAUT,AREA LABUH ZONA 3B
2057790,251901043672,"NUSA SAMUDERA JAYA, PT",2025-10-30 05:09:56.538996+00:00,LAUT,AREA LABUH ZONA 3B
2057787,257601018209,"TARUNACIPTA KENCANA, PT",2025-10-30 05:09:56.538996+00:00,AREA LABUH PERAIRAN PASIR MAYANG,TERSUS PT KIDECO JAYA AGUNG DERMAGA II BATUBARA
2057786,250101012764,PT TRIELANG INDO MARITIM,2025-10-30 05:09:56.538996+00:00,Area Labuh ZONA C AREA LABUH KAPAL GENERAL CARGO LOA > 140 M,OPERASI TERMINAL II - KADE 201
2057785,252501033632,"TERA LOGISTIC INDONESIA, PT",2025-10-30 05:09:56.538996+00:00,,
2057782,253001000520,"PELAYARAN ARAFURA LINE, PT",2025-10-30 05:09:56.538996+00:00,LAUT,REDE
2057781,257401001974,"MEGAN SAMUDRA JAYA, PT",2025-10-30 05:09:56.538996+00:00,,
2057780,255801019034,"PERTAMINA TRANS KONTINENTAL, PT JAKARTA",2025-10-30 05:09:56.538996+00:00,LAUT,LABUH STS (K)
2057778,251301017986,"INDO CONTAINER LINES, PT",2025-10-30 05:09:56.538996+00:00,DERMAGA BERLIAN,LAUT
2057777,252501033341,"TERA LOGISTIC INDONESIA, PT",2025-10-30 05:09:56.538996+00:00,AMBANG LUAR,LAUT
2057775,250901003355,"DHARMA LAUTAN UTAMA, PT",2025-10-30 05:09:56.538996+00:00,DERMAGA PELABUHAN COASTER/PENUMPANG/NUSANTARA,LAUT
2057774,252501033102,"TERA LOGISTIC INDONESIA, PT",2025-10-30 05:09:56.538996+00:00,AMBANG LUAR,LAUT
2057772,251301018135,PT. Totalindo Marine Services,2025-10-30 05:09:56.538996+00:00,TPS/ICT OCEAN GOING,LAUT
2057771,250101012726,PT ANDIKA TRANS SAMUDERA,2025-10-30 05:09:56.538996+00:00,Area Labuh ZONA C AREA LABUH KAPAL GENERAL CARGO LOA > 140 M,OPERASI TERMINAL II - KADE 202
2057768,251301018190,"DAMAI LAUTAN NUSANTARA, PT",2025-10-30 05:09:56.538996+00:00,LAUT,JAMRUD SELATAN
2057767,251301018197,"DAMAI LAUTAN NUSANTARA, PT",2025-10-30 05:09:56.538996+00:00,LAUT,JAMRUD UTARA
2057802,255801018503,"PERTAMINA TRANS KONTINENTAL, PT JAKARTA",2025-10-30 05:09:56.538996+00:00,LABUH STS (K),LAUT
2057801,255801019033,"SALAM PACIFIC INDONESIA LINES, PT KANTOR PUSAT",2025-10-30 05:09:56.538996+00:00,PT. PELINDO SEMAYANG,LAUT
2057800,251301018150,"DAMAI LAUTAN NUSANTARA, PT",2025-10-30 05:09:56.538996+00:00,JAMRUD SELATAN,LAUT
2057799,255701022340,"PELAYARAN NASIONAL INDONESIA (PERSERO), PT",2025-10-30 05:09:56.538996+00:00,REDE BATULICIN,REDE KOTABARU
2057754,252501033634,"TERA LOGISTIC INDONESIA, PT",2025-10-30 05:09:56.538996+00:00,,
2057752,253001000521,"PELAYARAN ARAFURA LINE, PT",2025-10-30 05:09:56.538996+00:00,LAUT,REDE
2057751,253001000505,"PELAYARAN ARAFURA LINE, PT",2025-10-30 05:09:56.538996+00:00,REDE,PT PELINDO - DERMAGA UMUM
2057750,257401002049,"MEGAN SAMUDRA JAYA, PT",2025-10-30 05:09:56.538996+00:00,,
2057749,251701001631,PT. PADANG AGENSI LINE,2025-10-30 05:09:56.538996+00:00,TUKS PLN TELUK SIRIH - I,AREA LABUH KAPAL KAPAL CURAH KERING
2057747,252501033304,"SAUFA KHALID MARITIM SAMUDERA, PT",2025-10-30 05:09:56.538996+00:00,AMBANG LUAR,LAUT
2057746,255701022340,"PELAYARAN NASIONAL INDONESIA (PERSERO), PT",2025-10-30 05:09:56.538996+00:00,DERMAGA BATULICIN 1,REDE BATULICIN
2057745,250101012714,PT. ZONA UTAMA BARU,2025-10-30 05:09:56.538996+00:00,KALIBARU - NPCT1,LAUT
2057744,254501002427,"UKI RAYA LINES, PT",2025-10-30 05:09:56.538996+00:00,LAUT (TERNATE),BASTIONG 1
2057766,250101012725,PT HARAPAN CIPTA PERKASA,2025-10-30 05:09:56.538996+00:00,OPERASI TERMINAL I - SINDULANG,LAUT
2057765,250101012709,PT HARAPAN CIPTA PERKASA,2025-10-30 05:09:56.538996+00:00,OPERASI TERMINAL I - SINDULANG,LAUT
2057763,251901043753,PT DERMAGA OMBAK INDONESIA,2025-10-30 05:09:56.538996+00:00,AREA LABUH PERAIRAN STS (SHIP TO SHIP TRANSFER) MUARA BERAU,AREA LABUH ZONA 3A
2057762,250101012765,PT. EVERGREEN SHIPPING AGENCY INDONESIA,2025-10-30 05:09:56.538996+00:00,LAUT,MUSTIKA ALAM LESTARI - KADE 214 (GAU)
2057760,255301000981,"PERSADA NUSANTARA TANGGUH, PT",2025-10-30 05:09:56.538996+00:00,REDE PELABUHAN MANOKWARI,TERSUS PT SDIC PAPUA CEMENT INDONESIA
2057758,250101012766,PT. MERATUS LINE,2025-10-30 05:09:56.538996+00:00,Area Labuh ZONA F AREA LABUH KAPAL CONTAINER LOA > 140 M,OPERASI TERMINAL III - KADE 210
2057735,251301018155,"DHARMA LAUTAN UTAMA, PT",2025-10-30 05:09:56.538996+00:00,JAMRUD UTARA,LAUT
2057734,257601018355,"BAHARI TIRTA JAYA, PT",2025-10-30 05:09:56.538996+00:00,TERSUS PT KIDECO JAYA AGUNG DERMAGA II BATUBARA,AREA LABUH PERAIRAN PASIR MAYANG
2057733,250101012672,PT SAMUDERA AGENCIES INDONESIA,2025-10-30 05:09:56.538996+00:00,Area Labuh ZONA F AREA LABUH KAPAL CONTAINER LOA > 140 M,TPK KOJA - KADE UTPK III
2057732,250101012734,PT. SALAM PACIFIC INDONESIA LINES,2025-10-30 05:09:56.538996+00:00,OPERASI TERMINAL II - KADE 103,LAUT
2057731,252901002062,"SUNTRACO INTIM TRANSPORT, PT",2025-10-30 05:09:56.538996+00:00,LAUT,DERMAGA MULTIGUNA TENAU KUPANG
2057730,253501003424,"PELAYARAN NASIONAL INDONESIA, PT KANTOR PUSAT",2025-10-30 05:09:56.538996+00:00,TERMINAL UMUM - DERMAGA CONTAINER MULTIPURPOSE,LAUT
2057729,258501002556,BUNKER PRIBUMI KUTAI TIMUR,2025-10-30 05:09:56.538996+00:00,TERSUS PT. PUPUK KALIMANTAN TIMUR DERMAGA VI,LAUT
2057727,250901003334,"YALA SAMUDERA ABADI, PT",2025-10-30 05:09:56.538996+00:00,TPKS,LAUT
2057740,251901043719,"SUMBER ANUGRAH SHIPPING, PT",2025-10-30 05:09:56.538996+00:00,LAUT,AREA LABUH ZONA 4
2057743,251901043719,"SUMBER ANUGRAH SHIPPING, PT",2025-10-30 05:09:56.538996+00:00,LAUT,AREA LABUH ZONA 4
2057742,251901043719,"SUMBER ANUGRAH SHIPPING, PT",2025-10-30 05:09:56.538996+00:00,LAUT,AREA LABUH ZONA 4
2057741,251901043719,"SUMBER ANUGRAH SHIPPING, PT",2025-10-30 05:09:56.538996+00:00,LAUT,AREA LABUH ZONA 4
2057717,250101012738,PT SAMUDERA AGENCIES INDONESIA,2025-10-30 05:09:56.538996+00:00,Area Labuh ZONA F AREA LABUH KAPAL CONTAINER LOA > 140 M,OPERASI TERMINAL III - KADE 301
2057713,257601018346,"BAHARI TIRTA JAYA, PT",2025-10-30 05:09:56.538996+00:00,AREA LABUH PERAIRAN PASIR MAYANG,TERSUS PT KIDECO JAYA AGUNG ALIH MUAT
2057712,253301000814,TITIAN LAUTAN ANUGERAH,2025-10-30 05:09:56.538996+00:00,LAUT,DERMAGA UMUM ANGGREK
2057711,257001003419,"PERTAMINA TRANS KONTINENTAL, PT",2025-10-30 05:09:56.538996+00:00,PERTAMINA WAYAME (JETTY 2),LAUT (AMBON)
2057710,250101012704,PT. SALAM PACIFIC INDONESIA LINES,2025-10-30 05:09:56.538996+00:00,OPERASI TERMINAL III - KADE 210,LAUT
2057708,250101012761,PT PELAYARAN NASIONAL INDONESIA,2025-10-30 05:09:56.538996+00:00,TERMINAL PENUMPANG - KADE TP/106,LAUT
2057706,251301017967,"TEMAS SHIPPING, PT",2025-10-30 05:09:56.538996+00:00,LAMONG OCEAN GOING,LAUT
2057704,253101001554,"DHARMA LAUTAN UTAMA, PT",2025-10-30 05:09:56.538996+00:00,PETIKEMAS DAN CRUISE,LAUT
2057701,250101011522,PT ADITYA ARYAPRAWIRA,2025-10-30 05:09:56.538996+00:00,DOCK KOJA BAHARI I,DOCK KOJA BAHARI I
2057696,251901043932,PELAYARAN DALAM NEGERI BUNGANUSA MA,2025-10-30 05:09:56.538996+00:00,LAUT,AREA LABUH ZONA 5
2057699,251901043932,PELAYARAN DALAM NEGERI BUNGANUSA MA,2025-10-30 05:09:56.538996+00:00,LAUT,AREA LABUH ZONA 5
2057698,251901043932,PELAYARAN DALAM NEGERI BUNGANUSA MA,2025-10-30 05:09:56.538996+00:00,LAUT,AREA LABUH ZONA 5
2057697,251901043932,PELAYARAN DALAM NEGERI BUNGANUSA MA,2025-10-30 05:09:56.538996+00:00,LAUT,AREA LABUH ZONA 5
2057695,258701003524,PT. EVERGREEN SHIPPING AGENCY INDONESIA,2025-10-30 05:09:56.538996+00:00,LAUT,BNCT TERMINAL B
2057694,255801019051,PT. ITL SHIPPING AGENCY,2025-10-30 05:09:56.538996+00:00,LABUH REDE ZONA 2,TUKS PT. DERMAGA PERKASA PRATAMA
2057690,251301017675,"CAHAYA MITRA BENUA, PT",2025-10-30 05:09:56.538996+00:00,NILAM TIMUR,ZONA LABUH 2 (SURABAYA)
2057726,253101001557,"DAMAI LAUTAN NUSANTARA, PT",2025-10-30 05:09:56.538996+00:00,NUSANTARA II,LAUT
2057725,257601018071,"BAHARI TIRTA JAYA, PT",2025-10-30 05:09:56.538996+00:00,AREA LABUH PERAIRAN PASIR MAYANG,TERSUS PT KIDECO JAYA AGUNG DERMAGA II BATUBARA
2057723,257601018345,"BAHARI TIRTA JAYA, PT",2025-10-30 05:09:56.538996+00:00,AREA LABUH PERAIRAN PASIR MAYANG,TERSUS PT KIDECO JAYA AGUNG ALIH MUAT
2057722,252201002336,"PELAYARAN NASIONAL INDONESIA, PT",2025-10-30 05:09:56.538996+00:00,DERMAGA UMUM TUNON TAKA,LAUT
2057721,251301018046,"ANUGERAH PRIMA SAMUDERA, PT",2025-10-30 05:09:56.538996+00:00,LAUT (GRESIK),DERMAGA PT. WILMAR NABATI
2057677,251301018107,"INDO CONTAINER LINES, PT",2025-10-30 05:09:56.538996+00:00,LAUT,DERMAGA BERLIAN
2057675,251801004694,"ATOSIM LAMPUNG PELAYARAN, PT ",2025-10-30 05:09:56.538996+00:00,SOEKARNO - RO RO,LAUT
2057674,251301018064,"PERTAMINA TRANS KONTINENTAL, PT",2025-10-30 05:09:56.538996+00:00,PERTAMINA ASPAL,AREA REDE DALAM
2057660,251301018068,PT. TOMS DENTA SAMUDERA ,2025-10-30 05:09:56.538996+00:00,LAUT (GRESIK),AREA REDE DALAM
2057634,255701022406,"MULTI LINE BORNEO, PT",2025-10-30 05:09:56.538996+00:00,LAUT SATUI,STS BUNATI
2057626,257001003728,"PT. PELAYARAN INTI IRAMA LINES, PT",2025-10-30 05:09:56.538996+00:00,LAUT (TUAL),DERMAGA MULTIPURPOSE (TUAL)
2057646,251501009904,PT. LAUTAN JAYA MANGGALA,2025-10-30 05:09:56.538996+00:00,LABUH GANDUS,AREA LABUH ZONA - D
2057643,250501006463,PT. TEMAS SHIPPING,2025-10-30 05:09:56.538996+00:00,LAUT,Area labuh (Zona D) Untuk Kapal Container dan General Cargo LOA  100 Meter
2057594,254701000985,PT. PELAYARAN BAHTERA ADHIGUNA,2025-10-30 05:09:56.538996+00:00,LAUT,TERSUS PT.PLN PERSERO (PLTU LABUHAN ANGIN)
2057615,251901043369,"PRIMA MULIA JAYA, PT",2025-10-30 05:09:56.538996+00:00,AREA LABUH PERAIRAN STS (SHIP TO SHIP TRANSFER) MUARA BERAU,AREA LABUH ZONA 3A
2057567,251901044049,"TITIAN MAHAKAM LINE, PT",2025-10-30 05:09:56.538996+00:00,LAUT,AREA LABUH ZONA 3B
2057569,251901044049,"TITIAN MAHAKAM LINE, PT",2025-10-30 05:09:56.538996+00:00,LAUT,AREA LABUH ZONA 3B
2057568,251901044049,"TITIAN MAHAKAM LINE, PT",2025-10-30 05:09:56.538996+00:00,LAUT,AREA LABUH ZONA 3B
2057559,258401003125,PT. TRI DAYA SAMUDERA DUMAI,2025-10-30 05:09:56.538996+00:00,,
2057543,252501033660,"GLOBAL TRANS ENERGY INTERNASIONAL, PT",2025-10-30 05:09:56.538996+00:00,REDE TRISAKTI,AMBANG LUAR
2057513,257401001980,"DELANG MAKMUR JAYA, PT",2025-10-30 05:09:56.538996+00:00,,
2057462,251901043774,"ANCARA LOGISTICS INDONESIA, PT",2025-10-30 05:09:56.538996+00:00,AREA LABUH ZONA 3B,Area Labuh Zona 3C
2057394,250701001976,PT. PELAYARAN GEMA BAHARI,2025-10-30 05:09:56.538996+00:00,"Kapal B3, Kapal Tanker, Kapal Cargo, Kapal Penumpang, Kapal Kayu",MUARAJATI 2.A
2057280,257401002013,"MEGAN SAMUDRA JAYA, PT",2025-10-30 05:09:56.538996+00:00,DERMAGA MULTIPURPOSE BUMIHARJO,REDE KUMAI
2057209,258701002608,WARUNA NUSA SENTANA,2025-10-30 05:09:56.538996+00:00,Dermaga TUKS PT. WARUNA NUSA SENTANA DOCK PINGGIRAN,Area Labuh PINDAH LABUH KAPAL
2057189,255701022377,PT. TERA LOGISTIC INDONESIA,2025-10-30 05:09:56.538996+00:00,LAUT,JETTY 2 BBM
2058046,251901040742,"MARITEL BAHTERA ABADI, PT",2025-10-30 05:09:56.538996+00:00,TERSUS PT GRAHA PANCA KARSA,AREA LABUH ZONA 3B
2057128,251901042821,"AYU, PT",2025-10-30 05:09:56.538996+00:00,TERSUS GUNUNG BARA UTAMA,AREA LABUH ZONA 2
2057132,251901042821,"AYU, PT",2025-10-30 05:09:56.538996+00:00,TERSUS GUNUNG BARA UTAMA,AREA LABUH ZONA 2
2057131,251901042821,"AYU, PT",2025-10-30 05:09:56.538996+00:00,TERSUS GUNUNG BARA UTAMA,AREA LABUH ZONA 2
2057130,251901042821,"AYU, PT",2025-10-30 05:09:56.538996+00:00,TERSUS GUNUNG BARA UTAMA,AREA LABUH ZONA 2
2057129,251901042821,"AYU, PT",2025-10-30 05:09:56.538996+00:00,TERSUS GUNUNG BARA UTAMA,AREA LABUH ZONA 2
2057098,252301001395,"ATOSIM LAMPUNG PELAYARAN, PT",2025-10-30 05:09:56.538996+00:00,LAUT,DERMAGA UMUM
2057062,253101001558,"ATOSIM LAMPUNG PELAYARAN, PT",2025-10-30 05:09:56.538996+00:00,LAUT,PETIKEMAS DAN CRUISE
2057055,255801019082,"SINAR PASIFIC, PT",2025-10-30 05:09:56.538996+00:00,LAUT,LABUH STS (S)
2056902,250101012593,PT.SAMUDERA SUKSES MAKMUR,2025-10-30 05:09:56.538996+00:00,Area Labuh ZONA C AREA LABUH KAPAL GENERAL CARGO LOA > 140 M,PT. INDOFOOD SUKSES MAKMUR - KADE BOGASARI PMB 2
2056899,250101012283,PT.SAMUDERA SUKSES MAKMUR,2025-10-30 05:09:56.538996+00:00,PT. INDOFOOD SUKSES MAKMUR - KADE BOGASARI PMB 2,LAUT
2056883,255801019090,"SINAR PASIFIC, PT",2025-10-30 05:09:56.538996+00:00,LAUT,TUKS PT. DERMAGA PERKASA PRATAMA
2056881,255801019088,"SINAR PASIFIC, PT",2025-10-30 05:09:56.538996+00:00,LAUT,TUKS PT. DERMAGA PERKASA PRATAMA
2056878,255801019086,"SINAR PASIFIC, PT",2025-10-30 05:09:56.538996+00:00,LAUT,TUKS PT. DERMAGA PERKASA PRATAMA
2056856,255801019084,"SINAR PASIFIC, PT",2025-10-30 05:09:56.538996+00:00,LAUT,TUKS PT. DERMAGA PERKASA PRATAMA
2056854,250601001337,PT. LOTUS MITRA JAYA,2025-10-30 05:09:56.538996+00:00,Dermaga 06,LAUT TANJUNG PANDAN
2056853,255801019082,"SINAR PASIFIC, PT",2025-10-30 05:09:56.538996+00:00,LAUT,LABUH STS (S)
2056850,255801019078,"SINAR PASIFIC, PT",2025-10-30 05:09:56.538996+00:00,LAUT,LABUH STS (S)
2056844,255801019076,"SINAR PASIFIC, PT",2025-10-30 05:09:56.538996+00:00,LAUT,LABUH STS (S)
2056864,255801019080,"SINAR PASIFIC, PT",2025-10-30 05:09:56.538996+00:00,LAUT,LABUH STS (S)
2056860,255801019074,"SINAR PASIFIC, PT",2025-10-30 05:09:56.538996+00:00,LAUT,LABUH STS (S)
2056858,255801019072,"SINAR PASIFIC, PT",2025-10-30 05:09:56.538996+00:00,LAUT,LABUH STS (S)
2056836,255801019070,"SINAR PASIFIC, PT",2025-10-30 05:09:56.538996+00:00,LAUT,LABUH STS (S)
2056639,255701022282,PT. PENASCOP,2025-10-30 05:09:56.538996+00:00,LAUT,JETTY 1 BBM
2056477,255701022375,PT. SINAR MARITIME PERKASA,2025-10-30 05:09:56.538996+00:00,LAUT,JETTY GOLDEN HP 2
2056461,252501033579,SAMUDERA AGENCIES INDONESIA PT,2025-10-30 05:09:56.538996+00:00,,
2056400,253701006536,"SOLID PELAYARAN INDONESIA, PT",2025-10-30 05:09:56.538996+00:00,LAUT KIJANG,TUKS PT. BINTAN ALUMINA INDONESIA
2056385,253701006633,"SOLID PELAYARAN INDONESIA, PT",2025-10-30 05:09:56.538996+00:00,LAUT KIJANG,TUKS PT. BINTAN ALUMINA INDONESIA
2056382,253701006540,"SOLID PELAYARAN INDONESIA, PT",2025-10-30 05:09:56.538996+00:00,LAUT KIJANG,TUKS PT. BINTAN ALUMINA INDONESIA
2056381,253701006450,"SOLID PELAYARAN INDONESIA, PT",2025-10-30 05:09:56.538996+00:00,LAUT KIJANG,TUKS PT. BINTAN ALUMINA INDONESIA
2056378,253701006927,"SOLID PELAYARAN INDONESIA, PT",2025-10-30 05:09:56.538996+00:00,LAUT KIJANG,TUKS PT. BINTAN ALUMINA INDONESIA
2056128,251301018180,"SAMUDRA RAYA INDO LINES, PT",2025-10-30 05:09:56.538996+00:00,LAUT,ZONA LABUH 2 (SURABAYA)
2056057,251901043983,PT. PELAYARAN DUTA LINTAS SAMUDERA,2025-10-30 05:09:56.538996+00:00,LAUT,AREA LABUH ZONA 3B
2056059,251901043983,PT. PELAYARAN DUTA LINTAS SAMUDERA,2025-10-30 05:09:56.538996+00:00,LAUT,AREA LABUH ZONA 3B
2056058,251901043983,PT. PELAYARAN DUTA LINTAS SAMUDERA,2025-10-30 05:09:56.538996+00:00,LAUT,AREA LABUH ZONA 3B
2055895,251301018138,"SALAM PACIFIC INDONESIA LINES, PT",2025-10-30 05:09:56.538996+00:00,LAUT,NILAM TIMUR
2055396,258301004839,"LILIANA PRATIWI INDONESIA, PT",2025-10-30 05:09:56.538996+00:00,LAUT,AREA LABUH AREA KOLAM PELABUHAN SAMPIT
2055345,251301017307,"ALFAINDO KARYA KARTIKA, PT",2025-10-30 05:09:56.538996+00:00,AREA REDE DALAM,DERMAGA NUSANDARA (265)
2055005,251901043915,PT. PELAYARAN DUTA LINTAS SAMUDERA,2025-10-30 05:09:56.538996+00:00,LAUT,AREA LABUH ZONA 3A
2055028,251901043917,PT. PELAYARAN DUTA LINTAS SAMUDERA,2025-10-30 05:09:56.538996+00:00,LAUT,AREA LABUH ZONA 3A
2057952,251901041601,"MARITEL BAHTERA ABADI, PT",2025-10-30 05:09:56.538996+00:00,TERSUS TRUBAINDO COAL MINING,AREA LABUH ZONA 3B
2054532,250101012608,PELAYARAN NASIONAL SAMUDRA TUJUH,2025-10-30 05:09:56.538996+00:00,OPERASI TERMINAL I - EKA NURI KJ4,Area Labuh ZONA B AREA LABUH KAPAL TB DAN TONGKANG
2054531,251301017786,PT SEROJA JAYA AGENSI,2025-10-30 05:09:56.538996+00:00,DERMAGA PT. WILMAR NABATI,AREA REDE DALAM
2054530,250101012610,PELAYARAN NASIONAL SAMUDRA TUJUH,2025-10-30 05:09:56.538996+00:00,OPERASI TERMINAL I - EKA NURI KJ4,Area Labuh ZONA B AREA LABUH KAPAL TB DAN TONGKANG
2058660,251901041868,"NUGRAHA SAMUDERA SEJAHTERA, PT",2025-10-30 05:09:56.538996+00:00,TERSUS TRUBAINDO COAL MINING,AREA LABUH ZONA 3B
2058002,251901044035,"NUGRAHA SAMUDERA SEJAHTERA, PT",2025-10-30 05:09:56.538996+00:00,TERSUS TRUBAINDO COAL MINING,AREA LABUH ZONA 3B
2058012,251901040951,"KARYA BINTANG TIMUR, PT",2025-10-30 05:09:56.538996+00:00,TERSUS MADANI CITRA MANDIRI,AREA LABUH ZONA 2
2057906,251901041713,"MARITEL BAHTERA ABADI, PT",2025-10-30 05:09:56.538996+00:00,TERSUS TRUBAINDO COAL MINING,AREA LABUH ZONA 3B
2052755,253701006432,"SOLID PELAYARAN INDONESIA, PT",2025-10-30 05:09:56.538996+00:00,LAUT KIJANG,TUKS PT. BINTAN ALUMINA INDONESIA
2052389,251301017903,PT SEROJA JAYA AGENSI,2025-10-30 05:09:56.538996+00:00,DERMAGA PT. WILMAR NABATI,AREA REDE DALAM
2051327,251301017411,PT SEROJA JAYA AGENSI,2025-10-30 05:09:56.538996+00:00,DERMAGA PT. WILMAR NABATI,AREA REDE DALAM
2051040,251301017927,PT. ELEANOR PRADANA SHIPPING,2025-10-30 05:09:56.538996+00:00,LAUT (GRESIK),AREA REDE DALAM
2050617,251301017902,PT SEROJA JAYA AGENSI,2025-10-30 05:09:56.538996+00:00,AREA REDE DALAM,DERMAGA PT. WILMAR NABATI
2057937,251901041866,"AYU, PT",2025-10-30 05:09:56.538996+00:00,TERSUS GUNUNG BARA UTAMA,AREA LABUH ZONA 2
2057973,251901044062,BOSCO SHIPPING AGENCY PT.,2025-10-30 05:09:56.538996+00:00,TUKS PETRO PERKASA INDONESIA,AREA LABUH ZONA 7
2057979,251901040282,"PERUSAHAAN PELAYARAN NASIONAL SINAR PASIFIC, PT",2025-10-30 05:09:56.538996+00:00,AREA LABUH ZONA 8,AREA LABUH ZONA 1
2058155,251901040432,"MARITEL BAHTERA ABADI, PT",2025-10-30 05:09:56.538996+00:00,TERSUS PT GRAHA PANCA KARSA,AREA LABUH ZONA 3B
2058007,251901040095,"RANS PRIMA MARITIM, PT",2025-10-30 05:09:56.538996+00:00,AREA LABUH ZONA 3A,AREA LABUH ZONA 8
